CHURN,CUSTOMER_ID,GENDER,AGE,CHARGE_TYPE,HANDSET,USAGE_BAND,SERVICE_DURATION,DROPPED_CALLS,PEAK_CALLS_NO,PEAK_CALLS_TIME,WEEKEND_CALLS_NO,WEEKEND_CALLS_TIME,TOTAL_CALLS_NO,TOTAL_CALLS_TIME
Active,K102990,F,31,CAT 100,ASAD170,Med,33.33 ,6,218,379.8,9,21.6,366,632.4
Active,K103280,M,27,CAT 100,S50,Med,30.87 ,10,373,656.4,11,28,411,810.4
Active,K103660,M,27,CAT 100,ASAD170,Med,49.40 ,11,260,582,0,0,265,614.1
Active,K103730,M,61,CAT 100,ASAD170,Med,48.60 ,1,294,661.8,14,101.5,326,844
Active,K104560,F,52,CAT 100,S50,Med,56.03 ,0,221,555.6,7,25,274,673
Active,K105530,M,51,CAT 100,S80,Med,49.43 ,3,289,486.6,1,31.8,427,903.3
Active,K106210,F,30,CAT 100,ASAD170,Med,32.30 ,6,427,729.6,12,52.8,490,907.2
Active,K106350,M,36,CAT 100,ASAD170,Med,54.87 ,2,522,801.6,0,0,558,884.7
Active,K106570,F,43,CAT 100,S50,Med,11.23 ,0,156,516.6,8,84,362,987.6
Active,K107570,F,50,CAT 100,ASAD170,Med,49.97 ,0,136,466.2,13,31.8,186,632.7
Active,K107660,M,52,CAT 100,S80,Med,11.00 ,0,81,682.2,20,58.8,170,943.5
Active,K107820,F,28,CAT 100,S50,Med,13.50 ,0,212,733.2,0,0,226,798.3
Active,K109810,F,29,CAT 100,S80,Med,51.77 ,0,114,595.8,0,0,150,720.9
Active,K110530,M,52,CAT 100,S80,Med,54.70 ,2,11,672,12,34.2,23,706.2
Active,K110630,F,37,CAT 100,S80,Med,50.83 ,2,12,579.6,22,42,54,869.1
Active,K110700,M,46,CAT 100,S50,Med,29.23 ,0,3,719.4,13,20.5,106,933.7
Active,K110930,M,60,CAT 200,S50,MedHigh,57.53 ,1,543,933.6,11,46.8,686,1445.4
Active,K110950,F,53,CAT 200,S50,High,10.00 ,0,1168,2376,11,49.8,1275,2844
Active,K111100,F,46,CAT 200,ASAD170,MedHigh,42.80 ,8,604,1233,26,40.8,655,1446.9
Active,K111540,F,46,CAT 200,S50,MedHigh,57.10 ,0,990,1626,5,49.8,1050,1844.7
Active,K111680,F,38,CAT 200,S80,High,51.07 ,0,1179,1992.6,12,41.4,1203,2055.3
Active,K111690,M,61,CAT 200,ASAD170,MedHigh,10.97 ,5,789,1545.6,34,119.4,900,1812.6
Active,K111750,M,46,CAT 200,S50,MedHigh,54.87 ,0,998,1578,37,65.4,1071,1746.9
Active,K111770,M,27,CAT 200,S50,High,23.33 ,1,983,1613.4,4,82.8,1116,2106
Active,K111920,M,32,CAT 200,S50,MedHigh,36.07 ,1,835,1443,1,3,1111,1893
Active,K112090,F,26,CAT 200,ASAD170,MedHigh,39.27 ,0,857,1481.4,10,38,880,1555.1
Active,K112400,M,39,CAT 200,S50,MedHigh,38.67 ,1,635,1315.8,3,56.4,652,1420.5
Active,K112700,F,36,CAT 200,S80,High,29.57 ,3,573,1625.4,5,20.4,695,2084.4
Active,K112820,M,29,CAT 200,S80,MedHigh,16.63 ,9,502,1170.6,0,0,580,1547.1
Active,K113150,M,29,CAT 200,S80,MedHigh,50.97 ,0,436,793.8,1,23.4,696,1362.6
Active,K113340,M,39,CAT 200,ASAD170,MedHigh,30.97 ,1,448,814.8,0,0,762,1324.5
Active,K113900,M,33,CAT 200,S50,MedHigh,23.20 ,0,416,811.8,23,35.4,656,1510.8
Active,K114310,F,35,CAT 200,S50,MedHigh,43.50 ,6,717,1252.8,16,100,733,1352.8
Active,K114650,M,33,CAT 200,S80,MedHigh,20.43 ,0,664,1293.6,12,49,682,1468
Active,K114700,F,39,CAT 200,S80,Med,33.03 ,2,380,864.6,0,0,502,1228.2
Active,K115120,F,31,CAT 200,S50,MedHigh,13.27 ,0,621,1088.4,21,77.4,928,1609.5
Active,K115260,M,29,CAT 200,ASAD170,High,40.13 ,1,963,2055,33,62.4,1019,2295.6
Active,K115360,F,26,CAT 200,S50,MedHigh,55.07 ,0,546,1228.2,0,0,588,1294.8
Active,K115600,F,30,CAT 200,ASAD170,Med,31.37 ,2,557,897.6,15,42,664,1092.9
Active,K115710,F,37,CAT 200,S50,MedHigh,17.80 ,1,571,1226.4,10,46.2,939,1844.1
Active,K115760,M,27,CAT 200,ASAD170,MedHigh,20.13 ,10,857,1533.6,1,17.4,969,1789.2
Active,K116200,F,42,CAT 200,S50,MedHigh,25.60 ,7,452,734.4,17,30,792,1293.6
Active,K116550,F,30,CAT 200,S50,High,36.80 ,5,599,1300.8,15,58.2,912,2107.5
Active,K116790,M,27,CAT 200,S80,MedHigh,16.87 ,2,526,884.4,1,117.6,618,1516.5
Active,K117000,M,44,CAT 200,S80,MedHigh,45.43 ,1,553,930,12,29,856,1453.4
Active,K117010,F,55,CAT 200,ASAD170,MedHigh,22.63 ,2,704,1248,70,124.8,795,1409.4
Active,K117500,F,59,CAT 200,ASAD170,Med,35.90 ,0,659,1020,15,58.8,713,1177.5
Active,K117920,F,49,CAT 200,S50,MedHigh,28.57 ,2,399,885.6,0,0,568,1434.3
Active,K118400,M,34,CAT 200,S80,High,47.60 ,6,935,1670.4,8,25.8,989,1942.2
Active,K118990,M,30,CAT 200,S50,MedHigh,11.00 ,2,443,999.6,1,100.8,666,1548.3
Active,K119010,M,38,CAT 200,ASAD170,MedHigh,29.83 ,2,723,1299,16,74.5,764,1859.5
Active,K119620,F,56,CAT 200,S50,MedHigh,33.27 ,2,1133,1759.8,15,77.4,1148,1837.2
Active,K119790,F,36,CAT 200,ASAD170,MedHigh,14.83 ,2,705,1617,2,10,731,1691.5
Active,K120070,F,40,CAT 200,S50,MedHigh,32.47 ,2,425,979.2,11,65.4,587,1293.9
Active,K120370,M,61,CAT 200,S80,MedHigh,56.60 ,0,688,1591.8,0,0,690,1803
Active,K121020,M,51,CAT 200,S50,MedHigh,33.10 ,2,575,1347.6,14,32.4,614,1448.1
Active,K121420,M,36,CAT 200,S50,Med,49.90 ,0,441,807.6,19,39,481,1181.1
Active,K121560,M,29,CAT 200,ASAD170,Med,19.77 ,0,341,807.6,20,45.6,420,1197.9
Active,K122090,F,36,CAT 200,S50,MedHigh,14.40 ,1,480,1150.2,5,90,495,1315.2
Active,K122900,M,38,CAT 200,S50,High,45.40 ,7,870,1608.6,37,60.6,970,2011.2
Active,K123790,F,57,CAT 200,ASAD170,MedHigh,36.47 ,1,587,1092.6,58,174.6,678,1524.9
Active,K123900,M,54,CAT 200,S50,MedHigh,24.90 ,5,581,1434.6,66,117.6,758,1752
Active,K124440,M,32,CAT 200,S50,MedHigh,28.93 ,1,354,882.6,11,103.8,653,1495.8
Active,K124630,M,34,CAT 200,ASAD170,High,14.90 ,2,793,1483.8,7,14.4,1076,2058.9
Active,K124980,F,40,CAT 200,S50,MedHigh,36.00 ,2,556,1436.4,8,74,736,1862.9
Active,K125050,M,31,CAT 200,ASAD170,MedHigh,32.60 ,1,799,1250.4,3,56.5,902,1496.5
Active,K125140,M,30,CAT 200,ASAD90,MedHigh,14.40 ,0,558,944.4,10,40.2,666,1338.6
Active,K125300,F,46,CAT 200,ASAD90,Med,55.77 ,1,438,822,21,48.5,634,1144.7
Active,K125330,F,33,CAT 200,ASAD170,Med,45.67 ,2,403,791.4,7,21.6,621,1190.1
Active,K126220,M,42,CAT 200,S50,Med,51.40 ,0,291,807.6,1,44.4,310,1119.9
Active,K126530,F,46,CAT 200,S50,MedHigh,40.33 ,0,588,1504.8,0,0,804,1861.8
Active,K126540,M,42,CAT 200,ASAD170,Med,18.90 ,11,332,910.2,16,26.4,521,1202.4
Active,K127420,M,30,CAT 200,ASAD170,MedHigh,48.77 ,0,611,1016.4,4,63,620,1449
Active,K127980,M,35,CAT 200,S80,MedHigh,46.63 ,0,547,1031.4,15,25,703,1378.3
Active,K128090,F,52,CAT 200,S80,High,47.13 ,2,724,1898.4,5,15.5,1138,2696.9
Active,K128520,F,33,CAT 200,S80,MedHigh,45.10 ,0,407,1083.6,12,18.5,463,1414.4
Active,K128600,M,69,CAT 200,ASAD170,Med,41.97 ,2,197,526.8,5,75,254,1047.9
Active,K129330,F,43,CAT 200,S50,MedHigh,24.70 ,1,625,1210.8,18,46.8,884,1725.6
Active,K130030,F,43,CAT 200,S50,MedHigh,28.37 ,10,443,1259.4,5,14.4,793,1843.2
Active,K131350,M,45,CAT 200,ASAD170,MedHigh,24.30 ,0,376,752.4,16,109.8,559,1328.7
Active,K131710,M,36,CAT 200,ASAD170,Med,20.50 ,0,566,1141.2,0,0,569,1163.1
Active,K131880,M,34,CAT 200,S80,MedHigh,57.77 ,1,686,1386,9,70.8,723,1573.8
Active,K132170,F,31,CAT 200,S50,MedHigh,47.47 ,1,402,1509.6,0,0,403,1521.3
Active,K132240,F,26,CAT 200,S50,MedHigh,23.90 ,1,388,1224.6,38,66,498,1516.8
Active,K132390,M,28,CAT 200,ASAD170,Med,51.83 ,1,261,1014.6,5,15,267,1057.2
Active,K132410,M,30,CAT 200,ASAD170,MedHigh,58.03 ,0,269,1043.4,4,7.8,503,1446.3
Active,K132420,M,32,CAT 200,S50,Med,54.47 ,1,16,662.4,5,13.8,164,1051.8
Active,K132500,M,52,CAT 200,S80,MedHigh,49.90 ,8,182,1075.8,31,59.4,512,1705.8
Active,K133110,F,43,CAT 200,S50,MedHigh,24.97 ,9,198,1188.6,12,47.4,361,1732.2
Active,K133520,M,36,CAT 200,S80,High,25.77 ,2,351,1862.4,15,135,407,2122.2
Active,K134030,F,56,CAT 200,ASAD170,MedHigh,37.20 ,0,258,1017.6,28,75,443,1616.1
Active,K134150,M,30,CAT 200,S80,MedHigh,22.93 ,1,168,1040.4,0,0,334,1514.7
Active,K134310,M,53,CAT 200,S80,MedHigh,14.03 ,0,493,1640.4,13,54.6,565,1794.9
Active,K135350,M,46,CAT 200,ASAD170,Med,13.73 ,10,81,718.2,16,93,212,1005.3
Active,K135420,M,37,CAT 200,S80,MedHigh,32.27 ,0,283,946.8,53,90,632,1524
Active,K135470,M,50,CAT 200,S50,MedHigh,40.57 ,2,216,1387.2,20,73.8,259,1515.6
Active,K135790,M,39,CAT 200,S50,Med,16.93 ,8,121,522,46,78,218,1023.6
Active,K135830,M,29,CAT 200,S80,Med,53.83 ,2,135,880.2,14,170,177,1100.6
Active,K135940,F,56,CAT 200,ASAD170,MedHigh,28.23 ,1,118,1011,10,33.6,173,1330.8
Active,K136090,M,26,CAT 200,S50,MedHigh,53.93 ,2,309,1067.4,24,66,388,1317
Active,K136100,F,32,CAT 200,S80,MedHigh,38.73 ,2,155,1018.2,2,25.8,319,1469.1
Active,K136400,F,31,CAT 200,ASAD170,High,27.70 ,2,485,1628.4,14,79.2,556,2122.5
Active,K136710,M,53,CAT 200,S80,High,52.90 ,11,701,2088,17,53.5,817,2504.8
Active,K136800,M,28,CAT 200,ASAD170,MedHigh,22.23 ,2,127,856.8,19,57.5,195,1458.5
Active,K136980,F,26,CAT 200,S80,Med,36.57 ,1,195,788.4,0,0,199,1086.9
Active,K137230,F,31,CAT 200,S50,Med,23.87 ,2,98,787.8,4,25.2,208,1128.6
Active,K137420,M,30,CAT 200,ASAD170,MedHigh,33.27 ,1,360,1518.6,31,111,417,1676.7
Active,K137730,F,46,CAT 200,S50,High,36.27 ,0,413,1681.8,1,4.8,564,1972.8
Active,K137830,M,39,CAT 200,S80,High,14.10 ,0,254,1780.2,48,105,349,1967.4
Active,K138070,F,35,CAT 200,S50,High,26.33 ,6,439,1487.4,17,67.8,723,2163.3
Active,K138810,M,41,CAT 200,ASAD170,High,41.67 ,8,589,2436,37,82.8,714,2667
Active,K138980,F,28,CAT 200,ASAD170,MedHigh,15.40 ,9,44,1132.8,5,40.2,89,1326.9
Active,K139530,F,67,CAT 200,ASAD170,High,46.73 ,2,250,1884.6,12,22.8,464,2211.9
Active,K139880,F,30,CAT 200,S80,Med,42.40 ,0,129,995.4,4,37.2,133,1032.6
Active,K140100,F,51,CAT 200,S80,Med,34.17 ,1,86,679.2,2,32.5,128,1070.8
Active,K140410,M,57,CAT 200,S50,MedHigh,31.47 ,6,164,1318.2,0,0,185,1746.6
Active,K140440,F,26,CAT 200,ASAD170,MedHigh,35.50 ,1,404,1260.6,11,44.4,465,1646.4
Active,K140500,M,39,CAT 200,S80,MedHigh,58.20 ,0,310,967.2,59,104.4,441,1433.1
Active,K140520,F,33,CAT 200,S80,MedHigh,21.57 ,2,131,1057.8,8,19.8,296,1381.2
Active,K140740,M,37,CAT 200,S50,MedHigh,28.33 ,2,196,1606.8,14,52.8,238,1881.3
Active,K140880,M,48,CAT 200,S50,MedHigh,41.93 ,1,309,1317.6,7,16.8,461,1616.4
Active,K141900,M,55,CAT 200,ASAD170,MedHigh,31.80 ,1,184,1633.2,1,48,243,1915.8
Active,K142000,F,27,CAT 200,S80,MedHigh,55.47 ,0,116,1042.2,21,55.2,250,1420.8
Active,K142550,F,36,CAT 200,S80,Med,47.50 ,0,265,923.4,71,112.2,381,1166.4
Active,K142760,M,29,CAT 200,S80,High,49.20 ,5,279,2653.2,7,28.2,308,2719.5
Active,K143670,F,35,CAT 200,S80,MedHigh,21.53 ,10,60,1099.2,42,63.5,131,1359.5
Active,K143770,M,40,CAT 200,S50,High,25.93 ,0,254,2572.8,2,23.5,265,2713.6
Active,K144250,F,66,CAT 200,S80,Med,18.40 ,2,243,1093.8,8,33,275,1229.1
Active,K144270,F,67,CAT 200,S80,Med,39.43 ,1,82,865.2,16,39,155,1041.3
Active,K144290,M,28,CAT 200,S80,MedHigh,46.87 ,1,384,1353.6,34,63,450,1860.3
Active,K144440,M,33,CAT 200,ASAD170,MedHigh,10.03 ,1,164,1762.2,37,70.2,211,1932.6
Active,K144530,M,40,CAT 200,S80,High,10.17 ,10,384,1398.6,6,63,449,1959
Active,K144810,F,44,CAT 200,S80,MedHigh,33.97 ,3,440,1695,19,36.6,518,1828.5
Active,K144920,F,28,CAT 200,S50,MedHigh,26.30 ,0,188,922.8,27,75.5,383,1460.6
Active,K144950,M,28,CAT 200,ASAD170,MedHigh,48.40 ,3,285,1009.8,26,42,418,1711.5
Active,K145650,M,32,CAT 200,S50,Med,50.70 ,0,146,812.4,0,0,327,1092.9
Active,K145990,F,37,CAT 200,ASAD170,MedHigh,29.00 ,1,397,1414.2,33,93,508,1808.7
Active,K146110,F,28,CAT 200,ASAD170,MedHigh,24.93 ,0,331,1203,33,85.2,400,1572.3
Active,K146150,M,69,CAT 200,S50,Med,25.07 ,2,69,845.4,1,2.5,309,1238.5
Active,K146180,F,35,CAT 200,S80,MedHigh,53.57 ,0,252,1378.2,5,28,456,1921.9
Active,K147480,M,30,CAT 200,ASAD170,High,10.27 ,1,512,2661.6,15,50,561,2787.5
Active,K147590,M,39,CAT 200,S50,High,52.07 ,0,148,2008.8,20,32.4,170,2232.6
Active,K147890,M,50,CAT 200,S80,MedHigh,49.60 ,0,73,1008.6,1,48,253,1578.3
Active,K147930,F,32,CAT 200,ASAD170,High,55.83 ,1,511,1847.4,7,72,607,2070.3
Active,K148360,M,58,CAT 200,S80,High,33.00 ,7,138,1948.2,13,99,231,2231.1
Active,K148460,F,40,CAT 200,ASAD170,MedHigh,32.83 ,1,66,940.8,28,44,283,1343.6
Active,K148750,F,43,CAT 200,ASAD170,High,53.47 ,1,513,1851,10,118,668,2330.5
Active,K148780,F,36,CAT 200,S80,MedHigh,33.37 ,0,232,1157.4,24,41,280,1298.3
Active,K150280,F,29,CAT 200,ASAD170,Med,45.50 ,0,131,647.4,47,88.8,336,1146.6
Active,K150290,F,37,CAT 200,ASAD170,Med,25.20 ,2,41,766.2,14,40,116,1189
Active,K150560,F,44,CAT 200,ASAD170,MedHigh,26.77 ,2,253,1260,27,43,394,1495.3
Active,K150730,F,38,CAT 200,S80,Med,52.67 ,4,42,884.4,8,90.6,135,1106.1
Active,K150750,F,27,CAT 200,S80,MedHigh,50.93 ,10,66,1393.8,7,19.2,81,1602.9
Active,K151760,M,47,CAT 200,S50,MedHigh,46.27 ,0,197,1042.8,14,41,277,1346.9
Active,K151830,M,26,CAT 200,ASAD170,Med,51.37 ,1,148,784.8,5,107.4,270,1072.2
Active,K152790,M,34,CAT 200,S80,MedHigh,41.67 ,2,290,1103.4,20,52,363,1300.3
Active,K153050,M,39,CAT 200,ASAD170,MedHigh,53.43 ,1,330,1504.8,3,5.4,487,1870.2
Active,K153460,M,38,CAT 200,ASAD170,High,54.03 ,1,686,1978.8,52,101.5,881,2521.6
Active,K153480,F,27,CAT 200,S80,High,50.53 ,11,436,1675.8,22,71,751,2263.1
Active,K153870,F,36,CAT 200,S50,MedHigh,21.03 ,0,14,1122.6,18,63,92,1494
Active,K153900,F,41,CAT 200,S50,Med,12.47 ,2,11,697.8,11,24.6,232,1207.5
Active,K153950,M,30,CAT 200,S80,Med,30.03 ,0,10,808.8,57,91.8,111,1096.2
Active,K154050,M,39,CAT 200,ASAD170,MedHigh,47.33 ,11,12,905.4,9,91.8,331,1479.3
Active,K154160,M,34,CAT 200,S50,MedHigh,44.47 ,1,13,1144.2,30,49.5,83,1413.6
Active,K154560,M,37,CAT 200,S50,Med,48.37 ,1,6,655.8,2,7.8,152,1137
Active,K154920,F,50,CAT 200,S80,MedHigh,51.33 ,0,8,1009.8,0,0,135,1284.9
Active,K154940,M,35,CAT 200,S80,MedHigh,46.93 ,2,15,919.2,2,31.8,53,1392.3
Active,K154990,M,35,CAT 200,S50,MedHigh,57.50 ,2,16,1095,5,69,115,1439.4
Active,K155230,F,28,CAT 200,S50,MedHigh,13.47 ,1,16,1077.6,1,12,48,1541.1
Active,K155410,F,43,CAT 200,ASAD170,MedHigh,30.50 ,2,1,1504.2,28,49.2,35,1615.5
Active,K156380,F,33,Play 100,S50,Med,51.53 ,2,39,253.2,6,9.6,279,648.6
Active,K156430,M,47,Play 100,ASAD170,Med,40.63 ,1,37,327.6,5,77.4,235,705.6
Active,K157160,F,48,Play 100,S50,Med,24.40 ,2,2,120,33,59,142,559.1
Active,K157520,M,36,Play 300,S80,Med,50.53 ,0,111,303,6,14,150,989.9
Active,K157530,M,27,Play 300,S80,Med,19.50 ,0,262,571.2,0,0,305,1126.8
Active,K157760,F,32,Play 300,S80,MedHigh,23.37 ,1,328,739.2,28,73.2,532,1501.5
Active,K157900,F,31,Play 300,S80,MedHigh,52.83 ,1,297,529.8,3,55.8,323,1287.3
Active,K157910,F,36,Play 300,S50,Med,26.10 ,0,233,361.2,11,30.6,384,780
Active,K157950,F,55,Play 300,S50,MedLow,34.70 ,0,0,0,20,39.6,32,442.5
Active,K159690,F,33,Play 300,S80,Med,39.83 ,0,153,283.2,54,87.5,431,807.2
Active,K159790,F,32,Play 300,S50,Med,39.20 ,0,148,229.8,15,42.6,391,866.4
Active,K159980,F,27,Play 300,S80,MedHigh,28.07 ,0,352,717,13,51,493,1449
Active,K160500,M,45,Play 300,S80,MedHigh,33.03 ,0,390,631.8,22,47.5,749,1273.6
Active,K160730,M,33,Play 300,S50,Med,21.33 ,10,158,363.6,33,69,216,1020.6
Active,K160780,M,28,Play 300,ASAD170,Med,17.43 ,1,271,463.8,28,54,552,948.9
Active,K161250,M,26,Play 300,ASAD90,Med,16.07 ,0,347,580.8,16,43,627,1183.3
Active,K161420,F,34,Play 300,S80,MedHigh,13.37 ,1,45,615,28,87.6,215,1359.6
Active,K161680,F,52,Play 300,ASAD170,Med,28.77 ,1,36,408,5,40,324,1016.5
Active,K161750,M,27,Play 300,S80,Med,32.13 ,2,49,261.6,7,11.4,141,825
Active,K162050,F,31,Play 300,ASAD170,Med,51.03 ,2,105,452.4,12,55.8,194,1080.3
Active,K162120,F,32,Play 300,ASAD170,Med,11.53 ,2,71,376.8,40,62.4,474,1052.4
Active,K162690,F,38,Play 300,S80,MedHigh,16.63 ,2,99,572.4,19,115,368,1281.1
Active,K163080,F,35,Play 300,ASAD170,Med,44.87 ,2,55,205.8,22,85.2,96,878.1
Active,K163350,M,42,Play 300,S80,Med,29.03 ,1,14,417.6,14,33.6,117,1212.9
Active,K163540,M,26,Play 300,S50,MedHigh,17.50 ,2,100,375,48,111.6,305,1338.6
Active,K164010,F,30,Play 300,S80,MedHigh,39.73 ,0,220,636.6,3,57.5,349,1305.8
Active,K164350,F,27,Play 300,S50,Med,48.27 ,0,89,406.2,12,70.2,289,1064.4
Active,K164590,M,54,Play 300,ASAD170,MedHigh,57.90 ,1,123,648,12,27.6,490,1353.6
Active,K164860,M,38,Play 300,ASAD170,Med,33.30 ,0,20,118.8,17,44,376,850.1
Active,K164970,F,26,Play 300,ASAD170,MedHigh,39.47 ,0,96,574.8,11,67.2,706,1571.1
Active,K165130,M,29,Play 300,ASAD170,Med,29.50 ,0,7,213,4,22.2,331,823.2
Active,K165290,F,41,Play 300,ASAD170,Med,45.33 ,11,73,403.2,15,39,204,962.4
Active,K165950,F,17,CAT 100,ASAD170,Med,40.50 ,1,277,427.2,8,100.2,291,704.1
Active,K166610,F,23,CAT 100,ASAD170,Med,17.43 ,11,227,540,1,4.5,300,657.6
Active,K167310,F,15,CAT 100,ASAD170,Med,20.63 ,11,270,708.6,0,0,299,765.6
Active,K170040,M,18,CAT 100,ASAD170,Med,37.37 ,0,114,545.4,16,66,204,913.2
Active,K170260,M,24,CAT 100,ASAD170,Med,10.97 ,5,113,583.8,3,7.8,124,906.6
Active,K170440,F,22,CAT 100,ASAD170,Med,12.53 ,2,139,717,1,28.2,146,878.1
Active,K172580,M,13,CAT 200,ASAD170,MedHigh,56.07 ,2,453,939,6,64.2,549,1278.3
Active,K174000,M,13,CAT 200,ASAD170,Med,47.90 ,5,575,1121.4,13,53.4,623,1254.9
Active,K174390,F,22,CAT 200,ASAD170,MedHigh,28.93 ,2,554,890.4,45,82.2,791,1451.4
Active,K176010,M,23,CAT 200,ASAD170,Med,11.17 ,1,375,632.4,68,128,704,1153.4
Active,K176260,M,14,CAT 200,ASAD170,Med,41.20 ,0,401,879,5,24,455,1181.4
Active,K177120,F,21,CAT 200,ASAD170,MedHigh,45.93 ,9,514,1148.4,0,0,734,1683
Active,K178670,M,19,CAT 200,ASAD170,MedHigh,30.00 ,7,501,1157.4,12,50.4,552,1331.1
Active,K179370,F,14,CAT 200,ASAD170,Med,52.57 ,0,356,651,12,56.5,496,1096
Active,K180260,M,15,CAT 200,ASAD90,MedHigh,42.63 ,2,468,1124.4,12,76,573,1696.6
Active,K180600,F,22,CAT 200,ASAD170,MedHigh,23.70 ,2,506,1225.2,14,27.6,896,1838.4
Active,K181330,M,22,CAT 200,ASAD170,Med,56.67 ,10,506,769.8,3,69.6,564,1052.7
Active,K182490,F,24,CAT 200,ASAD170,MedHigh,27.40 ,2,619,1212,14,29.4,941,1810.5
Active,K182930,M,14,CAT 200,ASAD170,MedHigh,49.67 ,1,356,993,46,92.4,627,1846.5
Active,K186410,M,24,CAT 200,ASAD170,Med,48.60 ,0,520,887.4,0,0,529,1169.7
Active,K187440,F,25,CAT 200,ASAD170,MedHigh,37.73 ,9,100,1021.8,2,30,127,1479.3
Active,K188010,F,16,CAT 200,ASAD170,MedHigh,13.97 ,7,464,1427.4,11,50,523,1565
Active,K189700,F,23,CAT 200,ASAD170,MedHigh,42.33 ,0,199,1307.4,17,30,286,1647.6
Active,K190270,M,25,CAT 200,ASAD90,MedHigh,42.20 ,0,49,1386.6,3,13,78,1616.8
Active,K190430,F,17,CAT 200,ASAD170,MedHigh,14.47 ,2,134,1075.2,0,0,276,1452.9
Active,K193940,F,23,CAT 200,ASAD170,MedHigh,51.30 ,6,224,660,32,149.4,491,1315.5
Active,K194530,M,15,CAT 200,ASAD170,MedHigh,54.60 ,1,130,1183.8,21,36,303,1740.3
Active,K196660,M,12,CAT 200,ASAD170,High,13.83 ,1,179,2108.4,0,0,225,2412.3
Active,K197320,F,25,CAT 200,ASAD170,Med,44.93 ,0,165,887.4,2,3.6,221,1111.5
Active,K197880,F,25,CAT 200,ASAD170,MedHigh,51.70 ,2,28,822,7,17.4,158,1416
Active,K198430,M,13,CAT 200,ASAD170,MedHigh,32.37 ,0,254,1203,25,121.2,319,1466.1
Active,K198680,F,22,CAT 200,ASAD170,High,23.87 ,2,434,2062.8,39,76.2,537,2326.2
Active,K198790,M,14,CAT 200,ASAD90,MedHigh,18.53 ,1,86,1261.8,7,43.8,116,1377.3
Active,K198890,M,17,CAT 200,ASAD170,Med,37.30 ,5,225,1075.8,8,14,240,1214.6
Active,K199310,F,25,CAT 200,ASAD90,MedHigh,24.57 ,2,481,1749.6,30,48,515,1923.6
Active,K200230,F,19,CAT 200,ASAD170,High,23.27 ,2,61,1305,37,110.4,142,1989.3
Active,K200490,F,21,CAT 200,ASAD90,MedHigh,33.60 ,2,409,1298.4,4,10.8,418,1714.2
Active,K201360,F,16,CAT 200,ASAD170,MedHigh,29.73 ,1,75,867,27,42.6,258,1331.1
Active,K201430,F,14,CAT 200,ASAD170,MedHigh,30.03 ,8,262,1402.8,2,20,350,1755.8
Active,K203810,F,22,CAT 200,ASAD170,MedHigh,39.73 ,2,10,1426.8,38,63.6,62,1621.5
Active,K204000,F,18,CAT 200,ASAD170,MedHigh,20.47 ,2,20,1352.4,20,106.8,80,1704.6
Active,K204990,F,23,Play 100,ASAD170,Med,27.33 ,2,23,199.2,20,121.5,110,580.5
Active,K205350,F,25,Play 300,ASAD170,Med,20.93 ,1,129,357,2,18,189,1044
Active,K205660,M,24,Play 300,ASAD170,Med,49.00 ,0,306,494.4,17,31,500,1174
Active,K205670,F,25,Play 300,ASAD170,Med,51.67 ,8,55,145.8,70,109,359,855.7
Active,K206120,M,19,Play 300,ASAD170,Med,47.00 ,1,47,85.8,56,95,218,821
Active,K206610,F,20,Play 300,ASAD170,Med,36.27 ,2,215,414.6,16,29.4,534,936
Active,K206820,M,13,Play 300,ASAD170,Med,29.77 ,0,211,440.4,21,58.5,531,1143.3
Active,K206930,M,22,Play 300,ASAD170,Med,32.97 ,2,107,203.4,0,0,452,803.4
Active,K207050,M,19,Play 300,ASAD170,Med,34.77 ,1,186,321,28,90.5,218,819.5
Active,K207080,F,19,Play 300,ASAD90,Med,51.57 ,0,173,397.2,35,53,396,1073
Active,K207100,M,19,Play 300,ASAD170,MedHigh,11.07 ,0,240,546,13,67.2,715,1333.5
Active,K208720,F,23,Play 300,ASAD170,MedHigh,44.90 ,2,37,598.2,29,135,198,1287.6
Active,K209200,F,17,Play 300,ASAD170,High,20.33 ,1,164,905.4,17,57,556,1993.2
Active,K210220,F,25,Play 300,ASAD90,MedHigh,34.70 ,1,112,717,24,57,597,1563.6
Active,K216300,F,71,Play 100,BS110,MedLow,46.20 ,1,34,79.8,41,76,87,192.4
Active,K222610,F,22,Play 100,BS110,MedLow,39.73 ,0,43,122.4,1,3,85,248.1
Active,K225890,F,33,Play 100,S50,MedLow,12.97 ,0,18,147.6,2,79.2,122,461.1
Active,K229450,M,64,Play 100,S50,MedLow,46.70 ,3,8,90.6,48,85.8,72,274.2
Active,K229610,M,17,Play 100,S50,MedLow,52.97 ,1,11,41.4,1,18.5,155,441.5
Active,K234150,M,19,CAT 100,BS110,Med,15.07 ,1,247,762.6,0,0,277,872.1
Active,K234270,M,24,CAT 100,BS110,Med,13.00 ,2,41,302.4,48,78.6,187,582
Active,K238370,M,23,CAT 50,S50,MedLow,14.87 ,9,85,177,22,55.2,152,319.8
Active,K242580,M,27,Play 300,S50,Med,13.83 ,2,49,178.2,61,103.8,323,849.3
Active,K243440,F,34,CAT 50,BS110,Low,19.63 ,5,11,92.4,3,6,33,166.8
Active,K243670,F,35,CAT 50,BS110,Low,39.47 ,1,1,69,3,5.4,15,128.1
Active,K243800,F,45,Play 100,BS110,Low,20.90 ,0,41,34.33,4,7.239,62,69.01
Active,K243820,F,33,Play 100,BS110,None,25.50 ,2,0,0,0,0,0,0
Active,K244040,F,28,Play 100,BS110,Low,41.90 ,0,32,22.27,9,14.543,41,36.81
Active,K244970,F,37,CAT 100,BS110,Med,15.03 ,2,35,393.6,4,12,56,689.1
Active,K245100,F,17,CAT 100,BS110,Med,16.90 ,2,40,624,2,36,66,876.6
Active,K245160,F,18,CAT 100,BS110,Med,32.97 ,1,38,622.2,27,64.2,87,961.5
Active,K245280,F,23,CAT 100,BS110,Med,54.10 ,4,34,687.6,22,42,65,837.3
Active,K245660,F,16,CAT 100,BS110,Med,37.93 ,2,13,499.8,16,36,51,651
Active,K246100,F,36,CAT 200,BS110,Med,52.90 ,1,81,671.4,3,69.6,85,1027.2
Active,K246160,F,32,CAT 200,BS110,Med,47.57 ,2,75,785.4,8,22.8,86,1167.9
Active,K246200,F,37,CAT 200,BS110,Med,15.77 ,2,86,991.8,0,0,98,1215.3
Active,K246540,F,31,CAT 200,BS110,MedHigh,35.40 ,0,64,1516.2,3,5.4,118,1856.4
Active,K246610,F,42,CAT 200,BS110,Med,51.60 ,2,58,857.4,8,51.5,71,1170.8
Active,K247050,F,17,CAT 200,BS110,MedHigh,29.27 ,2,34,1044,3,45.6,128,1341.6
Active,K247290,F,35,CAT 200,BS110,MedHigh,38.37 ,10,1,796.2,20,36,28,1374.6
Active,K247690,F,26,CAT 50,BS110,MedLow,47.70 ,1,10,348.6,6,15,32,416.1
Active,K247800,F,32,CAT 50,BS110,MedLow,23.53 ,1,16,295.8,0,0,26,361.5
Active,K247930,F,12,CAT 50,BS110,MedLow,19.63 ,1,6,293.4,13,112.2,19,405.6
Active,K247940,F,43,CAT 50,BS110,MedLow,19.57 ,11,1,240,3,14.4,21,405.9
Active,K248060,F,52,Play 100,BS110,Med,12.27 ,2,30,68.4,8,36,39,654.6
Active,K248130,F,20,Play 100,BS110,Med,48.90 ,0,28,54.6,5,11.5,41,512.5
Active,K248320,F,17,Play 100,BS110,MedLow,12.00 ,0,8,237.6,11,75,48,487.5
Active,K248550,F,26,Play 100,BS110,Med,24.87 ,1,16,94.8,1,123,44,613.5
Active,K248910,F,32,Play 300,BS110,Med,40.63 ,0,0,0,20,61.8,58,574.8
Active,K248990,F,23,Play 300,BS110,MedHigh,42.80 ,1,45,350.4,10,32.5,63,1382.8
Active,K249040,F,22,Play 300,BS110,Med,12.23 ,1,40,297.6,24,52.8,65,840
Active,K249140,F,55,Play 300,BS110,Med,36.83 ,1,86,334.8,0,0,93,1226.7
Active,K259690,F,19,CAT 50,BS210,MedLow,36.87 ,0,10,328.8,4,106.2,50,490.8
Active,K260160,M,26,Play 100,S80,Med,39.33 ,1,63,321.6,11,77.4,159,738
Active,K260740,F,24,Play 100,BS210,Med,45.20 ,2,67,121.8,15,82.8,385,681
Active,K260790,M,51,Play 100,S80,Med,17.77 ,1,77,157.8,46,111,189,523.8
Active,K261270,F,29,Play 100,BS210,Med,52.63 ,10,143,264,30,111.6,175,731.7
Active,K261540,M,40,Play 100,S80,Med,39.70 ,1,101,186,11,36,119,504.9
Active,K262060,F,22,Play 100,S80,MedLow,15.93 ,0,34,78.6,38,117,194,433.2
Active,K262230,F,28,Play 100,S80,Med,53.90 ,1,38,82.2,2,34.2,252,574.8
Active,K262740,F,31,Play 100,S80,Med,57.43 ,2,27,43.8,15,63.6,307,681.9
Active,K262780,F,14,Play 100,BS210,Med,11.53 ,1,104,203.4,1,7.8,133,670.5
Active,K263100,M,33,Play 100,S80,Med,24.50 ,2,113,252,11,20.4,281,535.2
Active,K263160,M,30,Play 100,S80,MedLow,42.47 ,1,104,159.6,0,0,164,346.5
Active,K263590,M,25,Play 100,BS210,MedLow,11.10 ,1,0,0,7,16,153,381.1
Active,K263610,M,14,Play 100,BS210,MedLow,25.13 ,1,100,170.4,9,13.8,134,394.5
Active,K264150,M,29,Play 100,S80,MedLow,47.67 ,2,36,96,0,0,144,380.4
Active,K264320,M,16,Play 100,BS210,Med,47.43 ,2,132,212.4,8,14.5,207,540.7
Active,K264380,F,24,Play 100,S80,Med,44.73 ,7,97,202.2,2,28.8,135,512.4
Active,K264440,F,22,Play 100,BS210,Med,56.60 ,2,122,223.2,40,63,202,679.2
Active,K264540,M,45,Play 100,BS210,Med,9.70 ,1,136,285,25,40.2,318,581.7
Active,K264750,M,24,Play 100,S80,Med,14.07 ,2,101,290.4,85,132,251,623.7
Active,K264890,M,12,Play 100,S80,Med,50.50 ,0,103,172.2,1,2.4,391,676.8
Active,K265050,F,27,Play 100,BS210,Med,43.77 ,3,46,122.4,31,85.8,131,514.5
Active,K265110,F,25,Play 100,S80,Med,13.37 ,2,80,160.2,3,8.4,166,570.3
Active,K265350,F,21,Play 100,BS210,Med,56.37 ,1,130,321,1,10.8,215,644.4
Active,K265460,F,20,Play 100,BS210,MedLow,16.57 ,0,55,93,10,24,109,483
Active,K265570,M,16,Play 100,BS210,Med,25.23 ,1,37,96.6,6,78,109,665.4
Active,K265740,F,28,Play 100,S80,MedLow,26.07 ,1,41,106.2,2,12,102,433.2
Active,K266260,M,32,Play 100,BS210,Med,55.63 ,10,125,232.2,4,112.8,159,525.9
Active,K266300,M,52,Play 100,S80,MedLow,35.73 ,1,98,178.2,42,66.6,271,474.3
Active,K266370,F,22,Play 100,BS210,MedLow,35.83 ,7,119,186.6,6,12.6,208,405.6
Active,K266390,F,30,Play 100,S80,Med,46.63 ,0,145,263.4,3,4.8,292,593.1
Active,K266510,M,14,Play 100,BS210,MedLow,23.53 ,0,0,0,70,157.2,106,448.8
Active,K266820,M,26,Play 100,BS210,Med,46.33 ,0,25,99,9,32,257,637.7
Active,K267180,M,49,Play 100,BS210,Med,12.80 ,11,25,127.8,20,60,170,584.4
Active,K267210,F,44,Play 100,S80,MedLow,57.80 ,0,10,63,8,16,74,423.4
Active,K267290,M,28,Play 100,BS210,Med,40.70 ,1,34,105.6,19,50.5,71,609.1
Active,K267730,M,13,Play 100,BS210,Med,44.17 ,1,12,246,30,50,187,571.7
Active,K267740,F,31,Play 100,BS210,MedLow,13.37 ,8,11,91.2,48,76.8,204,437.4
Active,K267820,F,26,Play 100,BS210,Med,15.30 ,2,83,287.4,41,70.2,234,739.5
Active,K267840,M,31,Play 100,BS210,Med,23.50 ,11,29,252.6,2,21.6,125,647.1
Active,K267980,F,13,Play 100,S80,MedLow,52.70 ,2,13,58.8,48,121.2,121,380.7
Active,K268430,F,22,Play 100,BS210,Med,9.97 ,11,34,120.6,2,21,63,533.7
Active,K268530,M,15,Play 100,BS210,Med,31.00 ,10,42,218.4,15,48,216,616.5
Active,K268700,M,18,Play 100,BS210,Med,57.03 ,5,20,152.4,38,88.2,101,651.9
Active,K268760,M,21,Play 100,BS210,MedLow,21.60 ,8,12,169.8,5,41.4,48,441.6
Active,K268860,F,28,Play 100,S80,Med,11.40 ,1,36,151.2,28,96,217,507.9
Active,K269360,F,60,Play 100,BS210,Med,16.30 ,0,21,255,2,12.6,137,574.5
Active,K269420,F,15,Play 100,S80,Med,55.33 ,8,10,225.6,3,45,172,576.9
Active,K269450,M,35,Play 100,BS210,MedLow,14.27 ,0,21,111,0,0,167,364.2
Active,K270270,M,17,Play 100,S80,Med,47.03 ,0,40,252.6,27,136.5,114,644.4
Active,K270800,M,53,Play 100,BS210,MedLow,51.30 ,2,30,118.8,8,86.4,97,332.7
Active,K270950,F,51,Play 100,BS210,Med,25.03 ,1,18,212.4,15,58,174,607
Active,K271040,M,40,Play 100,S80,MedLow,50.73 ,7,35,120.6,23,59.5,73,388.6
Active,K271050,M,23,Play 100,S80,MedLow,57.63 ,0,27,151.2,11,41.4,134,433.8
Active,K271240,F,14,Play 100,BS210,Med,39.43 ,2,39,256.8,0,0,328,698.4
Active,K271280,F,29,Play 100,BS210,Med,57.77 ,1,17,79.2,12,43.2,226,706.5
Active,K271340,F,32,Play 100,BS210,MedLow,50.10 ,0,2,61.2,16,59.4,70,336.6
Active,K271410,M,25,Play 100,BS210,MedLow,33.13 ,2,6,126,26,41.4,82,360.3
Active,K271810,F,23,Play 100,BS210,MedLow,38.47 ,1,12,57.6,4,19.2,206,443.7
Active,K271820,F,41,Play 100,BS210,MedLow,33.63 ,2,32,102,38,61.2,153,427.2
Active,K271890,M,47,Play 100,BS210,Med,33.57 ,3,23,125.4,19,81.6,294,623.7
Active,K272320,F,15,Play 100,BS210,Med,45.20 ,1,40,142.2,2,4.8,173,627.9
Active,K272820,M,34,Play 100,S80,Med,14.73 ,10,3,188.4,5,25,255,694
Active,K273150,M,42,Play 300,S80,Med,39.07 ,2,124,259.8,16,58.2,370,802.8
Active,K273160,F,49,Play 300,S80,Med,37.17 ,1,35,73.2,73,111,229,753.9
Active,K273220,M,27,Play 300,BS210,Med,33.60 ,8,179,381.6,0,0,488,858.9
Active,K273320,F,15,Play 300,S80,Med,27.07 ,1,86,144.6,0,0,266,815.4
Active,K273350,F,19,Play 300,S80,MedHigh,12.40 ,4,315,520.2,15,59.4,785,1334.7
Active,K273380,F,76,Play 300,BS210,Med,56.20 ,1,92,206.4,14,26,149,902
Active,K273680,M,18,Play 300,BS210,Med,45.90 ,0,152,246,41,76.5,270,813.3
Active,K273770,F,35,Play 300,S80,Med,55.47 ,0,152,345.6,57,102,283,750.9
Active,K273940,M,58,Play 300,S80,Med,44.77 ,0,142,340.8,0,0,295,825
Active,K274000,M,39,Play 300,S80,Med,33.40 ,0,198,384,2,4.2,412,979.2
Active,K274060,F,18,Play 300,BS210,Med,20.20 ,2,105,287.4,0,0,112,726.6
Active,K274280,F,48,Play 300,S80,Med,25.27 ,0,153,301.8,19,78.6,212,795
Active,K274510,M,24,Play 300,BS210,Med,29.97 ,0,186,387,3,26,326,918.5
Active,K274630,F,16,Play 300,S80,Med,57.87 ,1,219,360,17,37.2,349,780.6
Active,K274950,F,30,Play 300,S80,Med,52.30 ,0,88,200.4,7,40.2,147,756
Active,K275030,F,32,Play 300,S80,Med,24.53 ,1,134,226.2,6,21.6,393,925.8
Active,K275330,F,54,Play 300,S80,MedHigh,18.00 ,1,153,322.8,10,39,225,1265.4
Active,K275410,F,46,Play 300,BS210,Med,54.00 ,11,310,563.4,0,0,390,1164
Active,K275490,F,15,Play 300,BS210,Med,39.77 ,2,186,411.6,4,13,239,845.2
Active,K276180,F,48,Play 300,S80,MedLow,27.47 ,1,0,0,30,106,139,330.1
Active,K276190,M,15,Play 300,BS210,Med,28.57 ,1,363,572.4,1,12,399,1193.4
Active,K276210,M,32,Play 300,BS210,Med,39.77 ,2,168,285,34,118.2,266,754.5
Active,K276300,F,56,Play 300,S80,Med,19.57 ,2,239,372.6,7,112.5,283,1061.1
Active,K276320,F,26,Play 300,BS210,Med,22.03 ,2,132,270,9,31,353,913.6
Active,K276630,F,34,Play 300,S80,Med,55.20 ,8,101,168,16,64.8,329,793.5
Active,K276830,M,13,Play 300,S80,Med,11.87 ,6,259,549.6,13,30.6,320,1230.9
Active,K276840,F,15,Play 300,BS210,Med,11.30 ,0,91,215.4,6,37.2,455,796.5
Active,K277020,F,36,Play 300,S80,Med,56.73 ,10,98,189.6,1,33.6,125,796.8
Active,K277130,M,18,Play 300,BS210,Med,34.53 ,0,55,379.8,0,0,198,798.6
Active,K277470,F,28,Play 300,BS210,Med,41.70 ,2,50,354.6,27,66.6,225,830.1
Active,K277510,F,25,Play 300,S80,MedHigh,26.13 ,1,166,601.2,2,32.5,473,1341.4
Active,K277540,M,22,Play 300,S80,Med,16.43 ,1,38,198,22,53.4,294,764.4
Active,K277700,M,13,Play 300,S80,Med,34.40 ,2,52,384.6,51,121.8,110,814.8
Active,K278170,F,49,Play 300,BS210,Med,12.10 ,8,17,66.6,15,43,372,773.2
Active,K278180,F,27,Play 300,S80,Med,39.60 ,0,73,334.8,28,44.4,298,900
Active,K278360,F,32,Play 300,S80,Med,11.17 ,11,95,334.2,3,7.8,400,921.3
Active,K278430,F,21,Play 300,BS210,Med,20.43 ,2,96,296.4,17,81.6,450,900.3
Active,K278640,F,29,Play 300,S80,Med,18.17 ,3,41,404.4,3,13.8,195,842.7
Active,K278780,F,21,Play 300,BS210,Med,52.57 ,1,77,337.2,7,71.4,201,917.7
Active,K278890,M,43,Play 300,S80,Med,52.30 ,2,62,381,0,0,125,820.2
Active,K279330,M,16,Play 300,S80,Med,48.77 ,0,72,276,20,52.8,248,753
Active,K280140,F,27,Play 300,S80,Med,39.70 ,2,75,240,12,23.4,294,953.7
Active,K280360,M,16,Play 300,BS210,Med,14.63 ,1,26,131.4,59,92,131,760.7
Active,K280390,M,55,Play 300,BS210,Med,56.33 ,0,53,354.6,36,118.8,418,1137.9
Active,K280480,F,29,Play 300,BS210,Med,26.80 ,5,92,410.4,0,0,303,973.5
Active,K280840,F,24,CAT 100,WC95,Med,50.83 ,2,249,445.2,6,15,274,527.1
Active,K281130,F,22,CAT 100,WC95,Med,55.20 ,2,248,508.2,3,40.8,289,663.3
Active,K282110,F,22,CAT 100,WC95,Med,22.97 ,1,283,495.6,0,0,482,797.7
Active,K282990,F,68,CAT 100,WC95,Med,50.67 ,2,210,338.4,16,31.2,233,530.7
Active,K283710,M,16,CAT 100,S50,Med,36.33 ,1,401,607.8,13,27,465,919.5
Active,K283810,F,27,CAT 100,WC95,Med,22.00 ,7,240,429,24,47.5,394,692.5
Active,K283980,M,38,CAT 100,S50,Med,25.37 ,2,164,368.4,17,38.4,251,526.8
Active,K284790,M,25,CAT 100,S50,Med,30.83 ,6,181,418.2,2,4.8,282,600
Active,K285330,M,51,CAT 100,S50,Med,15.97 ,0,211,495,8,28,223,617.2
Active,K286440,F,43,CAT 100,WC95,Med,17.03 ,2,322,595.2,3,13.5,336,641.4
Active,K286520,F,44,CAT 100,WC95,Med,27.27 ,0,141,345,16,47.4,201,532.8
Active,K286550,M,62,CAT 100,BS110,Med,23.63 ,11,313,580.2,10,21,373,800.7
Active,K286690,F,33,CAT 100,BS110,Med,25.33 ,1,296,548.4,16,26.4,412,867.6
Active,K286780,M,24,CAT 100,S50,Med,51.97 ,0,162,397.8,4,39.6,196,634.5
Active,K287290,F,40,CAT 100,WC95,Med,31.27 ,2,247,615,15,34.8,334,880.8
Active,K287490,M,27,CAT 100,BS110,Med,42.60 ,3,189,354,4,44,346,707.9
Active,K287660,M,34,CAT 100,S50,Med,28.73 ,2,154,387.6,3,26.5,224,539.2
Active,K287930,F,23,CAT 100,WC95,Med,21.10 ,3,275,699.6,5,25,364,861.7
Active,K287950,F,57,CAT 100,BS110,Med,29.23 ,7,197,502.8,9,48,284,983.1
Active,K288710,M,14,CAT 100,S50,Med,27.50 ,0,166,436.2,16,31.2,307,749.1
Active,K288840,F,45,CAT 100,WC95,Med,13.07 ,0,282,745.2,3,43,309,910.9
Active,K289790,F,30,CAT 100,WC95,Med,10.33 ,11,298,577.2,4,21.6,445,827.1
Active,K289860,M,13,CAT 100,S50,Med,30.53 ,1,355,559.8,25,40.8,503,885.9
Active,K290680,M,20,CAT 100,S50,Med,26.03 ,1,131,372.6,1,37.8,192,687.9
Active,K290860,M,57,CAT 100,BS110,Med,22.37 ,2,187,366.6,14,24,274,513.3
Active,K290940,F,23,CAT 100,WC95,Med,33.43 ,7,137,394.2,18,46.2,235,598.8
Active,K291020,F,30,CAT 100,BS110,Med,42.47 ,1,235,460.8,8,25.2,354,807.3
Active,K291070,M,49,CAT 100,S50,Med,49.90 ,0,249,421.2,11,30,380,708.3
Active,K291940,F,28,CAT 100,WC95,Med,52.63 ,2,324,650.4,2,9.6,426,870.9
Active,K292180,F,29,CAT 100,BS110,Med,17.30 ,3,267,540,16,33.6,367,900.6
Active,K292200,M,27,CAT 100,BS110,Med,47.80 ,2,210,425.4,16,29,276,672.8
Active,K292530,M,37,CAT 100,S50,Med,35.43 ,1,126,492.6,10,25.8,185,701.1
Active,K292740,M,31,CAT 100,S50,Med,26.20 ,1,140,466.2,19,40.8,367,891.3
Active,K292760,M,15,CAT 100,S50,Med,51.07 ,1,117,707.4,4,12.5,121,719.9
Active,K293200,M,61,CAT 100,S50,Med,12.53 ,6,77,481.2,12,31.8,277,873.9
Active,K293530,F,26,CAT 100,WC95,Med,52.67 ,2,122,636.6,11,45.6,133,682.2
Active,K293630,F,30,CAT 100,WC95,Med,19.50 ,0,101,662.4,5,21,237,937.8
Active,K294290,M,29,CAT 100,BS110,Med,39.57 ,0,80,328.2,6,30.6,116,575.4
Active,K294780,M,19,CAT 100,S50,Med,42.90 ,0,99,336.6,2,18,141,547.2
Active,K294810,M,50,CAT 100,S50,Med,46.33 ,2,75,558.6,2,5.4,140,852.9
Active,K295260,M,27,CAT 100,S50,Med,31.90 ,0,114,368.4,14,33.6,329,725.4
Active,K295870,F,20,CAT 100,WC95,Med,13.03 ,2,201,580.8,9,38,259,719.3
Active,K296200,M,22,CAT 100,BS110,Med,51.40 ,2,166,496.8,0,0,189,675
Active,K296350,F,26,CAT 100,WC95,Med,55.63 ,2,129,562.2,20,45,174,845.1
Active,K296430,F,23,CAT 100,WC95,Med,49.40 ,0,58,545.4,14,21.6,293,978
Active,K296490,F,46,CAT 100,WC95,Med,22.10 ,0,69,639,11,41,95,873.8
Active,K296530,M,14,CAT 100,S50,Med,53.53 ,2,64,600.6,20,49.5,267,968.7
Active,K296900,F,22,CAT 100,WC95,Med,19.53 ,3,150,523.8,5,9.6,374,905.7
Active,K297450,F,22,CAT 100,WC95,Med,22.60 ,6,25,276.6,21,44.4,168,529.8
Active,K297560,F,15,CAT 100,BS110,Med,43.83 ,1,136,484.2,3,15,246,678.6
Active,K297650,F,23,CAT 100,BS110,Med,38.67 ,6,124,440.4,2,29.4,150,647.7
Active,K297940,F,17,CAT 100,BS110,Med,32.33 ,0,43,504,4,32.4,129,714
Active,K297970,M,17,CAT 100,BS110,Med,12.70 ,7,130,378.6,23,43,170,546.7
Active,K298340,M,49,CAT 100,BS110,Med,20.63 ,2,52,655.8,0,0,85,729.9
Active,K298470,M,25,CAT 100,S50,Med,13.03 ,2,164,521.4,5,18,255,795
Active,K298500,F,34,CAT 100,BS110,Med,43.87 ,0,171,613.2,1,31.2,218,876.3
Active,K299250,M,32,CAT 100,BS110,Med,45.47 ,2,26,390.6,4,35,95,524.9
Active,K299270,F,36,CAT 100,BS110,Med,24.40 ,1,28,427.8,0,0,91,648.3
Active,K299750,M,30,CAT 100,S50,Med,31.27 ,1,94,472.8,20,37.2,130,555.3
Active,K299930,F,16,CAT 100,WC95,Med,30.33 ,8,22,395.4,10,28.8,126,565.8
Active,K300920,M,34,CAT 100,S50,Med,48.27 ,0,146,480.6,0,0,258,895.8
Active,K301140,F,30,CAT 100,WC95,Med,39.63 ,1,98,514.8,14,30,225,938.7
Active,K301460,F,15,CAT 100,WC95,Med,46.20 ,2,120,448.2,4,14.4,151,853.2
Active,K301500,M,43,CAT 100,S50,Med,35.70 ,1,166,621.6,0,0,213,744.6
Active,K301520,M,36,CAT 100,BS110,Med,15.40 ,2,101,544.2,6,31,209,855.1
Active,K301580,M,33,CAT 100,S50,Med,51.00 ,2,202,582,5,21,337,992.1
Active,K301680,F,41,CAT 100,BS110,Med,54.33 ,1,198,645.6,0,0,220,873.9
Active,K301740,F,21,CAT 100,WC95,Med,41.13 ,9,99,324.6,5,21,148,524.7
Active,K301780,F,35,CAT 100,WC95,Med,26.20 ,2,114,616.2,18,35,182,783.8
Active,K301790,M,23,CAT 100,S50,Med,15.37 ,1,144,468.6,13,37.8,163,550.8
Active,K302060,F,21,CAT 100,WC95,Med,36.47 ,0,201,581.4,13,25.2,369,844.8
Active,K302340,M,46,CAT 100,S50,Med,43.83 ,2,99,561.6,8,13.5,359,972
Active,K302660,F,27,CAT 100,BS110,Med,54.73 ,1,79,457.2,1,3,98,579
Active,K302830,F,41,CAT 100,WC95,Med,44.40 ,1,182,531.6,4,21,233,793.8
Active,K302880,M,20,CAT 100,S50,Med,40.50 ,6,4,432,10,38.4,100,630.9
Active,K303260,M,34,CAT 200,BS110,MedHigh,11.67 ,0,672,1155,2,14.4,702,1340.7
Active,K303640,F,19,CAT 200,WC95,MedHigh,13.93 ,1,687,1183.8,6,11.4,793,1620.6
Active,K304740,F,23,CAT 200,BS110,Med,40.93 ,0,457,832.8,0,0,484,1089
Active,K304800,F,47,CAT 200,WC95,Med,39.80 ,0,467,975,10,20.4,491,1022.4
Active,K304890,F,28,CAT 200,WC95,Med,32.17 ,1,349,729.6,1,49.2,391,1067.7
Active,K305300,F,55,CAT 200,WC95,MedHigh,56.30 ,0,752,1312.8,16,30,808,1404.6
Active,K306200,M,52,CAT 200,S50,MedHigh,38.73 ,1,401,1117.8,20,43,716,1611.7
Active,K306300,M,48,CAT 200,BS110,High,48.50 ,1,998,1784.4,9,28.2,1387,2396.4
Active,K306440,F,45,CAT 200,WC95,Med,44.30 ,2,571,901.2,0,0,621,1035.6
Active,K306600,F,44,CAT 200,WC95,High,35.33 ,1,843,1824,1,5.4,1099,2268.3
Active,K306720,F,28,CAT 200,WC95,MedHigh,49.73 ,0,509,787.2,3,18.5,775,1270.1
Active,K307580,F,26,CAT 200,WC95,Med,50.73 ,0,385,852.6,0,0,389,1000.8
Active,K307810,M,44,CAT 200,S50,MedHigh,55.93 ,1,649,1443.6,2,11.5,667,1611.4
Active,K307840,F,29,CAT 200,WC95,MedHigh,50.27 ,1,711,1269,7,21.6,846,1484.4
Active,K308540,F,40,CAT 200,WC95,MedHigh,26.03 ,2,486,875.4,21,37.8,567,1468.5
Active,K309860,F,64,CAT 200,BS110,MedHigh,34.07 ,0,534,1268.4,9,28,685,1804.3
Active,K309960,F,18,CAT 200,WC95,MedHigh,40.87 ,6,501,1195.8,13,49.2,756,1695.6
Active,K310050,M,37,CAT 200,BS110,High,11.90 ,2,1284,2358,4,10.2,1372,3001.8
Active,K310140,F,39,CAT 200,WC95,MedHigh,54.77 ,2,838,1273.2,9,34.8,871,1900.8
Active,K310390,F,16,CAT 200,BS110,MedHigh,31.07 ,2,319,772.8,0,0,560,1429.8
Active,K310540,F,29,CAT 200,WC95,Med,50.50 ,4,460,1117.8,4,18,507,1207.2
Active,K310580,F,15,CAT 200,WC95,MedHigh,46.13 ,2,566,1487.4,13,39.5,621,1616.6
Active,K311050,M,16,CAT 200,BS110,MedHigh,33.23 ,2,418,837,15,48,566,1318.5
Active,K311200,F,31,CAT 200,BS110,MedHigh,27.73 ,0,684,1048.8,15,25,853,1509.1
Active,K311310,F,41,CAT 200,CAS30,MedHigh,20.50 ,2,774,1280.4,17,46.2,852,1776.6
Active,K311360,F,14,CAT 200,WC95,Med,16.17 ,0,507,772.8,16,44,780,1229.3
Active,K313140,F,56,CAT 200,WC95,MedHigh,14.33 ,8,370,994.8,1,46.2,474,1359
Active,K313540,M,36,CAT 200,BS110,MedHigh,40.40 ,2,322,847.2,25,48,488,1369.5
Active,K314130,M,23,CAT 200,S50,Med,29.07 ,0,434,839.4,5,10.8,558,1056.9
Active,K314370,M,34,CAT 200,S50,Med,15.90 ,5,191,538.8,12,27,408,1015.8
Active,K314600,M,32,CAT 200,S50,MedHigh,33.60 ,1,597,1171.2,5,22.5,655,1303.8
Active,K315730,F,31,CAT 200,BS110,Med,57.03 ,1,563,964.8,6,18.6,618,1195.8
Active,K316080,M,33,CAT 200,S50,Med,14.90 ,2,127,678,0,0,395,1191.3
Active,K316170,F,14,CAT 200,WC95,MedHigh,36.70 ,1,232,1377.6,7,49,436,1745.5
Active,K316220,M,46,CAT 200,S50,Med,55.30 ,1,153,910.8,8,37,172,1008.7
Active,K316340,F,15,CAT 200,BS110,Med,58.10 ,1,251,882,0,0,278,1127.4
Active,K316370,F,15,CAT 200,BS110,MedHigh,48.67 ,2,339,988.2,13,39.5,727,1751
Active,K316630,F,43,CAT 200,WC95,Med,37.43 ,2,151,566.4,3,37.2,185,1111.8
Active,K316650,F,36,CAT 200,WC95,Med,21.47 ,1,159,970.8,4,7.8,201,1157.1
Active,K317560,F,22,CAT 200,BS110,Med,39.77 ,1,86,741,4,33,205,1163.1
Active,K318150,F,47,CAT 200,BS110,High,57.67 ,2,463,1870.8,2,18,756,2457
Active,K319530,F,15,CAT 200,WC95,Med,26.97 ,0,140,1033.2,12,39,253,1240.8
Active,K319570,F,15,CAT 200,WC95,High,51.97 ,0,222,1639.2,0,0,339,1965.6
Active,K319960,M,15,CAT 200,BS110,Med,44.13 ,6,113,862.2,9,47.4,142,1051.5
Active,K320050,M,29,CAT 200,BS110,MedHigh,52.77 ,11,488,1667.4,15,43.2,505,1875.9
Active,K320400,M,60,CAT 200,BS110,MedHigh,39.97 ,2,183,775.2,9,15,576,1399.8
Active,K321220,F,38,CAT 200,WC95,Med,31.63 ,1,100,873,0,0,177,1183.5
Active,K321600,M,16,CAT 200,S50,Med,30.20 ,0,162,810,9,31.2,257,1097.4
Active,K321680,M,43,CAT 200,S50,MedHigh,54.47 ,6,74,687,2,7,167,1303
Active,K322150,F,18,CAT 200,WC95,Med,17.30 ,0,87,876.6,20,48,212,1134
Active,K322160,F,23,CAT 200,BS110,Med,25.73 ,2,74,749.4,0,0,163,1148.1
Active,K322710,F,31,CAT 200,WC95,Med,20.97 ,2,272,893.4,2,23.5,326,1054.9
Active,K322770,F,32,CAT 200,BS110,MedHigh,55.83 ,1,137,1515.6,0,0,221,1803.9
Active,K322880,F,21,CAT 200,WC95,MedHigh,15.53 ,7,282,861.6,8,31.8,648,1508.4
Active,K323330,F,46,CAT 200,WC95,Med,17.00 ,0,59,700.8,15,30.6,197,1110
Active,K323360,F,17,CAT 200,WC95,Med,32.73 ,1,50,594.6,3,27.6,244,1031.1
Active,K323980,M,30,CAT 200,S50,MedHigh,54.13 ,9,106,1386,8,46.2,212,1820.7
Active,K324000,M,16,CAT 200,BS110,Med,55.70 ,3,49,775.8,13,34.2,235,1101.3
Active,K324130,M,33,CAT 200,S50,Med,43.70 ,0,276,835.8,1,18,392,1068
Active,K324150,M,60,CAT 200,S50,MedHigh,28.03 ,0,88,1194,10,15.5,144,1288.4
Active,K324280,F,22,CAT 200,WC95,Med,45.93 ,1,174,822.6,0,0,266,1143
Active,K324350,F,27,CAT 200,CAS30,MedHigh,40.77 ,1,211,780.6,13,34.2,568,1416.3
Active,K324550,F,26,CAT 200,BS110,Med,25.93 ,10,44,933,0,0,212,1259.4
Active,K324650,F,20,CAT 200,WC95,MedHigh,42.47 ,1,316,930,6,22,463,1413.4
Active,K325090,M,18,CAT 200,S50,MedHigh,53.07 ,1,82,1386.6,23,48,377,1888.5
Active,K325420,M,18,CAT 200,BS110,Med,17.67 ,1,211,1062.6,11,33,243,1146.6
Active,K326640,M,46,CAT 200,BS110,MedHigh,41.20 ,1,246,1384.2,15,45.6,277,1696.5
Active,K326670,M,14,CAT 200,S50,MedHigh,32.80 ,2,285,1093.2,8,40.2,347,1399.5
Active,K327440,F,41,CAT 50,BS110,MedLow,22.93 ,10,111,226.2,2,14.4,150,305.7
Active,K327590,M,39,CAT 50,BS110,MedLow,19.10 ,0,40,97.8,11,29,66,184.4
Active,K327680,M,22,CAT 50,BS110,MedLow,38.77 ,0,82,235.8,0,0,87,282.6
Active,K328150,M,45,CAT 50,S50,MedLow,57.40 ,2,105,193.2,12,37.5,149,282.6
Active,K328310,F,47,CAT 50,WC95,MedLow,38.13 ,8,66,176.4,0,0,67,195.6
Active,K328700,M,35,CAT 50,S50,MedLow,42.43 ,0,126,286.2,15,32.4,194,407.7
Active,K329250,F,41,CAT 50,WC95,MedLow,10.83 ,10,155,336.6,28,48,193,410.1
Active,K330590,M,28,CAT 50,BS110,MedLow,58.20 ,2,164,272.4,0,0,264,448.8
Active,K330600,M,14,CAT 50,BS110,MedLow,21.70 ,2,129,240.6,0,0,156,305.4
Active,K330700,M,35,CAT 50,S50,MedLow,12.77 ,2,129,258,10,37.2,194,386.4
Active,K331190,M,24,CAT 50,S50,MedLow,19.07 ,0,56,154.2,16,49.2,91,236.7
Active,K331940,M,52,CAT 50,BS110,MedLow,15.27 ,1,16,98.4,3,22,41,196.3
Active,K332660,F,38,CAT 50,WC95,MedLow,46.63 ,1,80,279,10,28.2,107,416.1
Active,K333150,F,19,CAT 50,WC95,MedLow,42.33 ,0,35,283.2,3,11.4,64,470.4
Active,K333200,M,17,CAT 50,S50,MedLow,41.53 ,2,34,274.8,2,10,74,478.3
Active,K333640,F,13,CAT 50,WC95,MedLow,13.13 ,0,39,118.2,0,0,41,206.7
Active,K333810,M,16,CAT 50,S50,MedLow,41.30 ,8,58,298.2,0,0,73,387.6
Active,K333880,F,23,CAT 50,WC95,MedLow,57.97 ,0,69,201,8,21.5,77,222.5
Active,K334110,M,25,CAT 50,S50,Low,13.03 ,8,16,145.2,8,16.2,24,161.4
Active,K334510,F,39,CAT 50,BS110,MedLow,41.97 ,2,61,277.8,2,23,129,456.5
Active,K334640,M,25,CAT 50,S50,MedLow,55.10 ,1,73,356.4,4,9.5,108,421.1
Active,K334940,M,42,CAT 50,S50,MedLow,27.10 ,0,110,358.8,19,39.6,173,468.3
Active,K334960,F,17,CAT 50,WC95,MedLow,33.57 ,2,43,232.2,1,23.4,133,390.9
Active,K335040,M,43,CAT 50,S50,MedLow,46.73 ,0,39,179.4,2,38.5,42,222.4
Active,K335240,M,21,CAT 50,S50,MedLow,16.27 ,1,42,202.2,9,17,95,299.9
Active,K335290,F,23,CAT 50,BS110,MedLow,24.33 ,2,73,222,1,5.4,181,423.6
Active,K336100,M,17,CAT 50,CAS30,MedLow,36.13 ,2,1,243.6,6,42.6,109,447.6
Active,K336340,F,16,CAT 100,CAS30,Med,51.37 ,4,198,406.2,17,60,244,634.8
Active,K336550,F,40,CAT 100,WC95,Med,37.47 ,2,275,567.6,20,60.6,329,683.1
Active,K337350,F,33,CAT 100,BS110,Med,15.10 ,1,174,371.4,40,72,264,549.6
Active,K337670,M,21,CAT 100,S50,Med,47.70 ,0,306,660,30,51.6,360,765.6
Active,K337760,F,26,CAT 100,WC95,Med,26.90 ,0,148,320.4,41,87,190,547.8
Active,K338110,F,37,CAT 100,BS110,Med,55.20 ,7,272,421.8,33,122.4,331,699
Active,K338380,F,25,CAT 100,WC95,Med,36.10 ,5,225,499.2,21,65,307,763.7
Active,K338400,F,17,CAT 100,WC95,Med,34.20 ,6,147,328.2,20,54,219,639.3
Active,K339030,M,33,CAT 100,BS110,Med,19.97 ,4,291,525.6,4,93.5,358,979.4
Active,K339260,M,49,CAT 100,S50,Med,16.03 ,1,201,465.6,20,51.6,233,570.3
Active,K339370,M,32,CAT 100,S50,Med,17.87 ,8,275,449.4,1,72,343,679.5
Active,K339410,F,31,CAT 100,BS110,Med,48.67 ,1,175,405.6,48,76,375,748.3
Active,K339530,M,25,CAT 100,S50,Med,40.43 ,5,205,318.6,34,106.2,329,606
Active,K340060,F,44,CAT 100,BS110,Med,11.40 ,0,266,636.6,28,61.2,298,732.3
Active,K340200,M,32,CAT 100,BS110,Med,45.63 ,2,243,447.6,13,51.6,444,808.5
Active,K340540,F,30,CAT 100,BS110,Med,32.57 ,2,199,486.6,31,90.6,401,928.5
Active,K340590,M,51,CAT 100,BS110,Med,28.60 ,9,243,596.4,14,69.6,280,797.7
Active,K340680,F,39,CAT 100,WC95,Med,36.70 ,1,139,343.2,18,60.6,195,587.4
Active,K340830,F,19,CAT 100,WC95,Med,26.53 ,0,227,565.2,11,118.2,256,883.8
Active,K341340,M,19,CAT 100,S50,Med,46.37 ,2,238,606,22,80.4,350,955.2
Active,K341350,M,33,CAT 100,BS110,Med,47.60 ,2,269,684.6,33,67,335,827.2
Active,K341400,M,41,CAT 100,BS110,Med,18.97 ,0,204,520.2,31,95.5,258,809.8
Active,K341470,M,20,CAT 100,S50,Med,37.77 ,0,237,606.6,30,80.4,349,833.4
Active,K341490,M,30,CAT 100,CAS30,Med,37.17 ,1,333,500.4,42,91.8,386,664.5
Active,K341980,M,67,CAT 100,S50,Med,45.67 ,10,119,315.6,66,108,197,550.8
Active,K342450,F,56,CAT 100,WC95,Med,22.50 ,7,191,514.8,15,65.5,255,657.4
Active,K342580,F,15,CAT 100,WC95,Med,19.67 ,11,284,448.2,102,164.4,441,735
Active,K342950,F,35,CAT 100,WC95,Med,54.00 ,2,232,637.8,29,91,269,812.8
Active,K343410,M,15,CAT 100,BS110,Med,52.63 ,2,193,376.8,45,100.5,334,675.9
Active,K343540,M,27,CAT 100,S50,Med,29.50 ,2,206,589.2,7,66,228,721.5
Active,K343640,F,20,CAT 100,WC95,Med,44.20 ,0,251,426,49,85.2,507,842.4
Active,K344110,F,41,CAT 100,BS110,Med,48.47 ,0,226,456,11,107.4,300,672.3
Active,K344190,M,13,CAT 100,S50,Med,35.33 ,0,240,369,38,76.2,282,543.9
Active,K344700,M,21,CAT 100,S50,Med,56.90 ,1,67,412.8,30,51.6,165,608.7
Active,K344870,F,28,CAT 100,BS110,Med,19.17 ,2,182,609,8,64.2,190,673.2
Active,K345830,F,25,CAT 100,WC95,Med,47.67 ,2,109,774,18,64.8,147,898.5
Active,K345950,F,23,CAT 100,WC95,Med,46.90 ,0,56,406.8,37,55.8,101,680.4
Active,K347360,F,26,CAT 100,BS110,Med,36.00 ,1,141,613.2,27,54,189,709.8
Active,K347550,F,25,CAT 100,WC95,Med,17.97 ,0,129,448.8,24,63,235,689.7
Active,K348960,F,46,CAT 100,WC95,Med,40.27 ,2,26,346.2,11,60.5,98,544.7
Active,K349620,M,25,CAT 100,S50,Med,55.70 ,0,103,498,24,68,184,700.7
Active,K350060,F,34,CAT 100,WC95,Med,19.43 ,2,36,640.8,10,56,162,883.1
Active,K350530,F,21,CAT 100,WC95,Med,55.47 ,2,15,338.4,72,138.6,103,514.5
Active,K350740,M,50,CAT 100,S50,Med,25.90 ,2,97,498.6,39,96.6,152,626.7
Active,K351490,M,25,CAT 100,BS110,Med,22.43 ,2,75,411,29,71.5,201,640.6
Active,K351660,F,31,CAT 100,CAS30,Med,30.00 ,2,89,490.8,5,79.5,138,870.6
Active,K352110,M,14,CAT 100,S50,Med,36.17 ,0,62,357.6,11,57,140,538.8
Active,K352390,M,19,CAT 100,S50,Med,50.40 ,6,2,390,51,82.8,119,699
Active,K352400,F,12,CAT 100,CAS30,Med,22.67 ,2,3,543,2,53.4,90,887.7
Active,K353250,M,41,CAT 200,S50,MedHigh,14.80 ,1,656,1047.6,9,90,759,1608.9
Active,K353530,F,22,CAT 200,WC95,High,47.43 ,1,1405,2436,61,138.6,1512,2670.3
Active,K353550,M,32,CAT 200,BS110,MedHigh,10.07 ,2,659,1368.6,44,112,712,1557.4
Active,K353700,F,26,CAT 200,WC95,MedHigh,22.97 ,2,635,978.6,37,66,767,1479.3
Active,K353900,F,34,CAT 200,WC95,MedHigh,36.87 ,0,703,1470,39,63,784,1867.2
Active,K353970,M,16,CAT 200,S50,MedHigh,29.03 ,1,852,1312.8,3,88.8,999,1724.1
Active,K354660,F,22,CAT 200,WC95,MedHigh,23.23 ,9,580,1015.2,39,147,660,1295.7
Active,K355570,F,30,CAT 200,BS110,Med,30.17 ,1,487,861,50,78.6,611,1103.1
Active,K355730,F,30,CAT 200,BS110,Med,50.50 ,2,347,754.8,10,96.5,361,1001
Active,K356060,F,19,CAT 200,WC95,MedHigh,13.60 ,0,519,1140.6,6,61.2,595,1426.5
Active,K356350,F,27,CAT 200,WC95,MedHigh,11.33 ,0,654,1164,19,119.4,767,1601.4
Active,K357100,F,37,CAT 200,WC95,Med,50.50 ,0,633,1144.2,20,82.8,671,1260.6
Active,K357980,M,52,CAT 200,S50,MedHigh,50.50 ,9,630,991.2,30,53,710,1276.1
Active,K358360,M,18,CAT 200,S50,High,15.27 ,1,1086,1705.8,13,70.5,1222,2458.2
Active,K358490,M,20,CAT 200,S50,High,19.03 ,0,902,1814.4,22,61.2,985,1973.1
Active,K359020,M,20,CAT 200,S50,MedHigh,30.77 ,1,464,1159.8,20,79.2,554,1382.1
Active,K359140,M,41,CAT 200,S50,Med,18.43 ,0,278,700.2,40,83.4,378,1010.7
Active,K359150,F,61,CAT 200,WC95,MedHigh,25.37 ,0,759,1422.6,35,63,885,1780.8
Active,K359160,M,22,CAT 200,S50,MedHigh,48.17 ,1,659,1097.4,9,61.2,879,1540.2
Active,K359170,M,21,CAT 200,S50,MedHigh,44.00 ,1,668,1108.2,51,93.6,727,1491.9
Active,K359620,F,24,CAT 200,BS110,MedHigh,33.10 ,2,444,1128,29,90.6,512,1311.3
Active,K360040,F,18,CAT 200,WC95,MedHigh,44.43 ,1,484,1315.2,15,84,558,1644.3
Active,K360340,F,62,CAT 200,WC95,High,54.67 ,0,621,1652.4,16,55.8,658,2016.9
Active,K360650,F,33,CAT 200,BS110,MedHigh,33.63 ,4,757,1153.2,7,53.4,817,1299.6
Active,K361520,M,23,CAT 200,S50,High,33.10 ,0,791,2205.6,48,141.6,874,2650.8
Active,K362020,F,13,CAT 200,BS110,MedHigh,40.10 ,0,675,1331.4,4,57.6,927,1791.6
Active,K363220,M,20,CAT 200,S50,High,24.87 ,0,362,2172,9,91.5,436,2435.1
Active,K363430,F,29,CAT 200,BS110,Med,46.00 ,0,275,846.6,33,53,402,1089.2
Active,K363620,M,40,CAT 200,S50,MedHigh,45.33 ,0,197,1209.6,21,56.4,255,1450.2
Active,K363720,M,16,CAT 200,S50,MedHigh,17.23 ,2,155,956.4,19,74.4,390,1565.7
Active,K363800,F,40,CAT 200,WC95,MedHigh,52.23 ,2,226,1399.8,34,113,324,1818.2
Active,K364120,M,23,CAT 200,S50,Med,15.13 ,2,256,756.6,3,65.4,296,1041.9
Active,K365190,M,21,CAT 200,BS110,Med,46.33 ,3,110,747.6,24,87,173,1101.9
Active,K365440,F,35,CAT 200,WC95,High,26.47 ,0,420,1706.4,12,54,464,2034.6
Active,K365500,M,33,CAT 200,BS110,Med,57.93 ,0,204,632.4,34,76.2,346,1108.2
Active,K365550,F,39,CAT 200,BS110,Med,49.70 ,1,103,730.2,47,74.4,240,1234.2
Active,K365600,M,23,CAT 200,S50,MedHigh,10.30 ,1,144,1017,61,115.5,263,1610.1
Active,K365700,M,23,CAT 200,S50,Med,34.43 ,2,254,862.2,22,81.6,323,1061.4
Active,K365900,F,12,CAT 200,BS110,MedHigh,21.37 ,2,209,712.8,57,98.4,325,1262.7
Active,K366150,F,23,CAT 200,WC95,MedHigh,46.03 ,0,247,1026.6,52,92.4,473,1513.5
Active,K366440,M,56,CAT 200,S50,MedHigh,18.23 ,2,411,1196.4,15,73.5,568,1581.9
Active,K367770,M,50,CAT 200,S50,Med,21.07 ,2,269,943.8,30,54,343,1242.3
Active,K367850,M,67,CAT 200,S50,High,12.43 ,1,444,1975.8,2,58.2,502,2210.7
Active,K367880,F,37,CAT 200,WC95,Med,28.97 ,11,243,736.2,5,78.6,272,1083.6
Active,K367950,M,30,CAT 200,S50,Med,39.97 ,2,253,734.4,15,112.8,459,1167
Active,K370170,M,35,CAT 200,S50,MedHigh,29.93 ,1,65,1033.2,4,97.5,274,1490.1
Active,K370260,F,59,CAT 200,BS110,Med,45.30 ,1,193,942.6,32,112.2,241,1155.9
Active,K371260,F,27,CAT 200,CAS30,Med,27.77 ,1,54,626.4,58,97.8,274,1165.5
Active,K371290,F,24,CAT 200,WC95,MedHigh,9.73 ,0,247,1345.8,43,84,308,1761.6
Active,K371590,F,25,CAT 200,BS110,High,16.03 ,0,284,1597.2,37,63,548,2060.1
Active,K371870,M,22,CAT 200,S50,Med,17.07 ,2,158,916.2,10,143.4,193,1108.5
Active,K371880,F,35,CAT 200,BS110,High,53.57 ,2,377,2179.2,28,51.6,519,2510.4
Active,K372010,F,37,CAT 200,WC95,Med,54.67 ,1,153,891,25,108,201,1253.4
Active,K372530,F,27,CAT 50,BS110,Low,31.97 ,1,58,100.8,30,68,88,168.8
Active,K372560,F,17,CAT 50,WC95,MedLow,19.33 ,1,104,214.2,13,76.2,155,367.5
Active,K372660,M,23,CAT 50,S50,MedLow,14.87 ,9,85,177,22,55.2,152,319.8
Active,K372690,M,23,CAT 50,BS110,MedLow,57.70 ,2,136,283.8,14,66.6,152,401.4
Active,K374090,M,43,CAT 50,S50,MedLow,46.03 ,0,105,290.4,42,67,150,485.5
Active,K374450,M,32,CAT 50,S50,MedLow,57.00 ,9,97,196.8,38,57.5,159,326
Active,K374610,M,31,CAT 50,BS110,MedLow,27.10 ,4,47,283.2,57,103.8,109,459.6
Active,K375270,F,28,CAT 50,BS110,MedLow,25.53 ,6,66,271.8,4,52,92,403.3
Active,K375460,M,28,CAT 50,S50,MedLow,47.37 ,2,89,272.4,14,51.6,182,497.1
Active,K376600,F,57,CAT 50,BS110,MedLow,29.40 ,0,1,220.8,36,144.6,65,439.8
Active,K376710,M,20,Play 100,CAS60,Med,15.30 ,9,63,103.8,41,71.4,130,704.7
Active,K376940,M,48,Play 100,S80,Med,18.90 ,1,163,333,12,43,264,679.3
Active,K376950,M,42,Play 100,S80,Med,31.50 ,0,43,103.2,20,88.8,247,574.5
Active,K377160,F,32,Play 100,CAS60,Med,13.47 ,1,89,211.8,7,74.4,141,504.3
Active,K377350,F,16,Play 100,WC95,Med,22.53 ,1,13,23.4,2,21,222,628.5
Active,K377550,M,20,Play 100,CAS60,Med,39.60 ,1,97,228,1,95.4,155,590.7
Active,K377590,F,36,Play 100,WC95,Med,40.87 ,6,65,185.4,11,55.2,218,734.4
Active,K377960,M,30,Play 100,S80,Med,27.47 ,1,105,294.6,13,46.2,278,603
Active,K379200,M,51,Play 100,S80,Med,39.30 ,11,117,250.8,6,37.8,197,641.4
Active,K379620,F,31,Play 100,WC95,Med,40.67 ,8,135,236.4,66,164.4,381,717.9
Active,K379640,F,12,Play 100,WC95,MedLow,56.83 ,1,93,180.6,0,0,241,428.1
Active,K380350,M,20,Play 100,S80,Med,53.80 ,7,107,220.8,64,97.5,185,594.6
Active,K380510,F,24,Play 100,WC95,Med,20.80 ,1,151,305.4,2,25.8,300,635.1
Active,K380820,M,35,Play 100,CAS60,Med,23.27 ,1,59,101.4,22,54,318,554.4
Active,K381350,F,38,Play 100,WC95,Med,31.30 ,10,92,240,18,48.6,335,745.5
Active,K381500,F,18,Play 100,WC95,Med,56.03 ,1,27,67.8,14,24,243,536.4
Active,K381530,M,23,Play 100,S80,Med,15.30 ,8,46,97.8,44,74.5,137,679.6
Active,K381640,M,15,Play 100,S80,Med,39.43 ,0,90,238.8,21,75.6,270,662.1
Active,K383290,M,24,Play 100,S80,Med,50.87 ,2,19,157.8,29,167.4,220,747.6
Active,K383360,M,12,Play 100,S80,Med,52.40 ,1,52,269.4,9,17,252,633.2
Active,K383840,M,61,Play 100,S80,Med,54.47 ,3,31,230.4,0,0,110,537.9
Active,K383960,M,51,Play 100,S80,Med,26.97 ,0,44,214.8,18,36,72,513.3
Active,K384380,M,20,Play 100,S80,Med,12.87 ,11,10,42.6,2,24,355,590.1
Active,K384800,M,32,Play 100,S80,Med,50.10 ,1,25,280.2,61,104.4,145,595.8
Active,K385510,M,25,Play 100,CAS60,Med,25.63 ,2,33,273.6,35,119.4,113,631.5
Active,K385890,M,42,Play 100,S80,Med,44.67 ,0,27,130.8,5,36,73,728.1
Active,K385930,M,54,Play 100,S80,Med,45.97 ,0,11,37.2,1,14,144,699.5
Active,K385990,F,40,Play 100,CAS60,Med,21.93 ,0,49,144.6,0,0,136,555.9
Active,K386070,F,14,Play 100,CAS60,Med,45.93 ,0,3,27.6,0,0,302,571.8
Active,K386330,M,37,Play 100,S80,Med,31.57 ,1,25,226.8,31,66.6,97,625.8
Active,K386490,M,18,Play 100,S80,Med,58.13 ,2,17,285,34,86.5,113,576.7
Active,K386840,M,40,Play 100,S80,Med,38.87 ,6,8,47.4,9,31,249,530.8
Active,K387320,F,30,Play 100,CAS60,Med,50.33 ,1,4,202.2,33,139.8,69,610.8
Active,K387330,M,13,Play 100,CAS60,Med,57.60 ,0,1,65.4,4,9.6,351,684
Active,K387710,M,50,Play 300,CAS60,Med,49.33 ,0,158,385.8,54,93,294,869.1
Active,K387980,F,25,Play 300,WC95,Med,52.23 ,2,239,609.6,19,33.6,627,1238.7
Active,K388340,F,48,Play 300,WC95,Med,36.33 ,1,99,264,33,57,242,763.8
Active,K388390,M,12,Play 300,S80,Med,46.83 ,2,182,321.6,3,22.2,325,789.3
Active,K388540,M,30,Play 300,S80,Med,35.57 ,1,285,510,2,5.4,692,1197.3
Active,K388740,F,20,Play 300,WC95,Med,45.47 ,2,246,377.4,0,0,495,802.5
Active,K389620,F,77,Play 300,WC95,Med,42.17 ,1,249,455.4,1,18.6,275,921.3
Active,K391290,M,53,Play 300,S80,Med,50.03 ,3,160,307.8,12,26,411,928.7
Active,K391480,F,21,Play 300,WC95,Med,48.93 ,0,168,273.6,21,93.5,438,994.1
Active,K391780,F,27,Play 300,WC95,Med,47.50 ,8,131,238.8,8,106.8,307,948.9
Active,K391820,M,21,Play 300,S80,Med,42.73 ,1,192,310.2,2,41,308,887.9
Active,K391850,F,53,Play 300,WC95,Med,52.23 ,4,90,225.6,60,107,407,797
Active,K391930,M,49,Play 300,S80,Med,33.63 ,2,89,206.4,9,26,327,762.5
Active,K393130,F,36,Play 300,WC95,Med,24.13 ,1,57,442.2,42,78.6,399,994.8
Active,K393520,M,19,Play 300,CAS60,Med,51.57 ,2,89,440.4,27,73.2,323,980.1
Active,K393810,M,45,Play 300,CAS60,Med,15.97 ,1,10,136.8,17,34,343,1008.4
Active,K394430,M,21,Play 300,S80,Med,25.10 ,2,129,497.4,0,0,132,892.5
Active,K394650,M,32,Play 300,S80,Med,52.30 ,1,110,400.2,43,117.6,202,834
Active,K394750,M,66,Play 300,S80,MedHigh,37.57 ,0,228,706.2,2,15.6,650,1489.2
Active,K394760,F,18,Play 300,CAS60,Med,52.80 ,4,17,358.2,34,61,231,807.7
Active,K395190,M,27,Play 300,S80,Med,27.67 ,2,87,255,0,0,383,879.6
Active,K395210,F,16,Play 300,WC95,Med,18.10 ,2,57,175.8,33,129.6,455,1002.9
Active,K395460,F,56,Play 300,WC95,Med,48.30 ,0,21,426.6,33,61,395,1063.6
Active,K395530,M,25,Play 300,S80,Med,45.20 ,1,65,243.6,38,76.5,419,913.5
Active,K395820,M,24,Play 300,S80,Med,56.80 ,2,20,274.2,28,55.2,286,1000.2
Active,K396150,M,56,Play 300,S80,Med,23.60 ,2,87,360.6,11,27.6,226,1003.2
Active,K396610,M,32,Play 300,S80,Med,29.80 ,2,101,381.6,29,138.6,337,842.1
Active,K396750,M,17,Play 300,S80,Med,18.07 ,4,1,373.8,23,36.6,181,821.4
Active,K404810,M,14,CAT 200,SOP10,MedHigh,40.50 ,14,760,1158,14,39,875,1511.4
Active,K405290,F,51,CAT 200,S50,MedHigh,29.70 ,14,361,711.6,36,114.6,526,1390.5
Active,K406010,M,42,CAT 200,SOP10,Med,19.30 ,12,100,529.2,41,67.5,223,1008
Churned,K100420,M,31,CAT 50,SOP10,Low,29.20 ,1,7,43.2,3,6,10,49.2
Churned,K101820,M,26,Play 100,SOP20,Low,53.07 ,0,7,49.8,27,51,35,114.3
Churned,K102310,F,55,Play 100,SOP10,Low,39.40 ,1,27,49.2,5,9.6,32,58.8
Churned,K103670,F,32,CAT 100,S80,Med,39.57 ,2,383,684.6,27,109.8,437,969
Churned,K106840,F,35,CAT 100,ASAD90,Med,53.10 ,1,215,624,35,84,308,891.9
Churned,K106860,F,55,CAT 100,ASAD90,Med,19.70 ,0,92,608.4,11,27.6,208,985.5
Churned,K110870,M,26,CAT 200,ASAD90,MedHigh,13.77 ,2,785,1242,57,100.5,846,1518.3
Churned,K114370,M,33,CAT 200,ASAD90,MedHigh,46.83 ,6,492,889.8,5,20,552,1392.8
Churned,K117560,F,40,CAT 200,ASAD90,MedHigh,44.33 ,0,385,849,1,42,648,1311.3
Churned,K119140,M,34,CAT 200,ASAD90,MedHigh,38.23 ,1,530,953.4,13,67,779,1394.5
Churned,K123430,M,27,CAT 200,ASAD90,High,11.80 ,0,940,1744.2,22,51,991,2082.3
Churned,K123620,M,37,CAT 200,ASAD90,MedHigh,49.80 ,2,643,1195.2,32,73.2,742,1563.3
Churned,K124690,F,27,CAT 200,ASAD90,High,22.53 ,1,880,1646.4,1,7,1067,2049.1
Churned,K125530,M,47,CAT 200,ASAD90,Med,51.53 ,1,397,1003.2,12,40,417,1092.1
Churned,K125570,F,27,CAT 200,S80,MedHigh,43.70 ,0,743,1233.6,66,106.8,1062,1922.4
Churned,K128380,F,27,CAT 200,S80,MedHigh,42.13 ,0,462,1225.2,8,27,627,1705.8
Churned,K133380,F,48,CAT 200,ASAD90,MedHigh,39.47 ,0,25,895.8,19,39,151,1497.9
Churned,K145980,M,55,CAT 200,ASAD90,High,37.93 ,1,317,1459.2,45,76.8,514,1947.3
Churned,K146580,M,27,CAT 200,ASAD90,MedHigh,24.70 ,5,96,1205.4,10,21,152,1589.4
Churned,K146930,M,27,CAT 200,ASAD90,MedHigh,47.87 ,2,45,1627.2,14,82,64,1918.6
Churned,K149770,F,41,CAT 200,S50,Med,18.00 ,1,62,1004.4,29,52.2,189,1219.8
Churned,K151060,M,28,CAT 200,ASAD90,Med,24.20 ,2,30,731.4,2,103,124,1090
Churned,K151700,M,44,CAT 200,ASAD90,High,9.63 ,0,360,1654.8,0,0,482,2364.3
Churned,K154760,M,37,CAT 200,ASAD90,MedHigh,23.90 ,1,10,1152,42,72,107,1329.3
Churned,K158890,F,36,Play 300,ASAD90,Med,11.37 ,2,144,219.6,6,26.4,257,932.7
Churned,K159210,F,40,Play 300,ASAD90,Med,15.07 ,0,31,85.2,59,94,494,1073.2
Churned,K159570,F,28,Play 300,ASAD90,Med,57.10 ,0,320,488.4,1,21,473,1111.5
Churned,K161610,F,48,Play 300,S80,MedHigh,19.47 ,0,273,902.4,25,50.4,309,1839.9
Churned,K166290,F,25,CAT 100,ASAD90,Med,56.87 ,0,381,680.4,20,35.4,423,840
Churned,K167880,F,25,CAT 100,S50,Med,32.10 ,0,191,303.6,73,124,315,574.6
Churned,K168550,M,13,CAT 100,S50,Med,45.10 ,6,153,615.6,12,75.6,202,802.2
Churned,K169510,F,20,CAT 100,S50,Med,15.00 ,1,197,623.4,31,60.5,233,754.7
Churned,K173850,F,25,CAT 200,S50,MedHigh,54.27 ,2,626,1056.6,43,159.5,696,1751.9
Churned,K175340,F,12,CAT 200,ASAD90,MedHigh,23.30 ,1,549,1182,10,142.2,753,1782.9
Churned,K179890,F,13,CAT 200,ASAD90,Med,39.97 ,4,416,763.8,39,121.8,599,1229.4
Churned,K181830,F,22,CAT 200,ASAD90,High,36.23 ,1,748,1861.2,7,59.4,1271,2699.7
Churned,K183380,M,15,CAT 200,S50,High,17.63 ,1,563,1519.8,4,83.4,731,2058.6
Churned,K183670,M,25,CAT 200,S50,Med,33.10 ,2,400,1065,46,79.2,456,1194.9
Churned,K184070,F,20,CAT 200,ASAD90,MedHigh,50.57 ,4,299,784.8,0,0,605,1383.6
Churned,K184260,M,21,CAT 200,ASAD90,Med,33.40 ,1,458,720.6,2,8.4,521,1030.8
Churned,K187080,M,17,CAT 200,ASAD90,MedHigh,44.93 ,2,155,1639.8,10,22.2,197,1785.6
Churned,K187140,F,19,CAT 200,ASAD90,MedHigh,27.07 ,0,234,911.4,0,0,481,1469.7
Churned,K187760,M,23,CAT 200,S50,High,17.40 ,9,341,2058.6,16,73,451,2462.8
Churned,K187770,M,17,CAT 200,ASAD90,Med,52.80 ,2,210,612.6,1,21.6,283,1094.1
Churned,K188070,M,24,CAT 200,S50,MedHigh,34.10 ,0,357,1335.6,16,88.8,503,1821.3
Churned,K188880,F,18,CAT 200,S50,MedHigh,11.40 ,0,497,1726.2,3,9,514,1862.1
Churned,K190660,F,15,CAT 200,ASAD90,High,57.93 ,1,451,1831.8,11,34.5,479,2212.5
Churned,K191340,M,19,CAT 200,S50,Med,37.23 ,0,146,610.2,20,62.4,331,1068
Churned,K191550,F,24,CAT 200,S50,MedHigh,12.03 ,1,107,776.4,11,26.4,553,1462.8
Churned,K191580,M,22,CAT 200,ASAD90,High,38.80 ,1,85,2215.8,2,70.2,236,2820
Churned,K192830,F,18,CAT 200,S50,MedHigh,51.63 ,0,362,1338,8,66.5,614,1878.2
Churned,K193670,M,14,CAT 200,S50,Med,38.70 ,0,348,1058.4,0,0,399,1169.1
Churned,K194250,F,18,CAT 200,S50,Med,19.67 ,1,105,939.6,11,24,183,1163.4
Churned,K196580,F,16,CAT 200,ASAD90,High,37.00 ,1,358,1643.4,3,43,609,2412.7
Churned,K200080,M,20,CAT 200,ASAD90,MedHigh,32.43 ,0,275,1009.8,1,3.6,434,1643.4
Churned,K200320,F,21,CAT 200,ASAD90,Med,33.83 ,9,24,540,20,78.6,308,1076.4
Churned,K200420,F,21,CAT 200,ASAD90,MedHigh,15.50 ,1,33,766.8,2,29,215,1463.6
Churned,K202370,M,15,CAT 200,ASAD90,High,18.27 ,1,254,1433.4,16,133.2,606,2263.8
Churned,K203650,M,16,CAT 200,S50,High,53.50 ,1,36,2467.2,7,17.5,166,2718.4
Churned,K204890,F,22,Play 100,ASAD90,Med,25.87 ,1,10,213,23,49.2,98,688.5
Churned,K205600,M,20,Play 300,ASAD90,Med,24.63 ,2,111,257.4,17,31,405,891.4
Churned,K206180,M,20,Play 300,S50,Med,25.13 ,2,236,429.6,6,42,346,1143.3
Churned,K206630,M,18,Play 300,ASAD90,Med,16.67 ,9,44,117,1,76.8,481,1168.8
Churned,K206660,F,21,Play 300,ASAD90,Med,12.50 ,7,251,441.6,57,107.4,421,1105.5
Churned,K207810,M,15,Play 300,ASAD90,Med,40.57 ,2,280,516.6,47,78,505,1241.7
Churned,K209850,M,21,Play 300,ASAD90,Med,43.17 ,0,25,429,6,10.5,192,946.2
Churned,K210290,F,19,Play 300,ASAD90,Med,17.57 ,0,106,377.4,8,37.2,305,760.8
Churned,K211300,M,24,CAT 50,CAS30,Low,47.77 ,1,62,100.2,5,9,84,140.7
Churned,K211320,M,17,CAT 50,CAS30,Low,37.33 ,1,32,71.4,4,40.8,54,140.1
Churned,K211620,M,22,CAT 50,CAS30,Low,12.13 ,11,28,69.6,9,42.6,40,123.3
Churned,K212030,F,19,CAT 50,CAS30,Low,20.97 ,0,13,113.4,7,13,24,156.4
Churned,K212470,M,12,Play 100,CAS30,None,36.90 ,2,0,0,0,0,0,0
Churned,K213490,M,18,Play 100,CAS30,Low,39.13 ,0,9,18.6,2,9,85,168.9
Churned,K213760,M,23,Play 100,CAS30,Low,46.83 ,0,21,68.4,15,34,38,148.9
Churned,K215490,F,12,Play 100,BS110,MedLow,31.60 ,2,0,0,49,140.5,148,298.9
Churned,K215840,M,28,Play 100,BS110,MedLow,44.53 ,2,67,122.4,4,15,113,366.3
Churned,K215880,F,22,Play 100,BS110,MedLow,11.43 ,2,28,67.2,9,31.8,86,220.2
Churned,K217730,F,40,Play 100,S50,MedLow,41.00 ,0,32,92.4,30,53.5,96,211.9
Churned,K219280,M,33,Play 100,S50,MedLow,9.80 ,2,57,87.6,4,20,147,397.1
Churned,K219510,M,23,Play 100,S50,MedLow,40.80 ,9,37,63.6,1,4.8,201,334.2
Churned,K220120,F,34,Play 100,BS110,MedLow,25.90 ,11,21,50.4,3,48.5,80,205.1
Churned,K220320,M,21,Play 100,S50,MedLow,22.83 ,1,43,69.6,22,57,152,352.8
Churned,K221150,F,25,Play 100,S50,MedLow,22.63 ,2,29,49.2,5,40,89,257.5
Churned,K223110,F,32,Play 100,BS110,MedLow,42.73 ,0,22,51,4,12,162,310.8
Churned,K224950,F,56,Play 100,BS110,MedLow,36.73 ,8,9,86.4,18,33.6,109,250.8
Churned,K225270,F,19,Play 100,BS110,MedLow,42.47 ,10,16,66,18,81,101,334.2
Churned,K226590,M,23,Play 100,S50,MedLow,49.93 ,5,21,157.8,16,61.8,124,356.7
Churned,K226730,F,43,Play 100,BS110,MedLow,16.33 ,5,17,57,30,48,179,463.2
Churned,K227150,F,63,Play 100,S50,MedLow,36.90 ,1,10,43.8,3,28.2,89,191.1
Churned,K227700,F,24,Play 100,S50,MedLow,16.50 ,4,10,87.6,38,121.2,52,349.8
Churned,K227930,F,38,Play 100,BS110,MedLow,28.33 ,11,41,127.8,14,39,104,266.4
Churned,K228440,M,20,Play 100,S50,MedLow,20.50 ,5,2,76.2,46,92.4,166,416.4
Churned,K228860,F,13,Play 100,S50,MedLow,22.53 ,1,10,66.6,1,4,13,196.9
Churned,K231090,F,51,Play 100,S50,MedLow,34.73 ,0,10,66,0,0,77,200.7
Churned,K231260,F,22,Play 100,S50,MedLow,53.83 ,6,1,42,0,0,122,395.7
Churned,K231680,F,45,Play 100,S50,MedLow,24.73 ,1,27,87.6,43,90,204,388.8
Churned,K232930,F,24,CAT 100,BS110,Med,14.57 ,2,280,593.4,46,88.2,383,837.6
Churned,K235010,M,50,CAT 100,BS110,Med,14.90 ,2,20,445.8,10,37,44,549.4
Churned,K235270,F,56,CAT 100,BS110,Med,15.30 ,2,94,542.4,4,14,149,755.6
Churned,K237950,M,25,CAT 200,BS110,Med,15.40 ,0,178,983.4,21,64.2,204,1081.5
Churned,K238070,M,25,CAT 200,S50,High,15.37 ,0,481,1855.2,0,0,715,2360.4
Churned,K238140,M,37,CAT 200,BS110,MedHigh,14.80 ,2,14,1231.2,8,60,219,1665.3
Churned,K238290,M,32,CAT 50,BS110,MedLow,15.40 ,2,108,199.2,16,92.5,137,371.5
Churned,K239420,M,47,Play 100,S50,Med,15.03 ,0,24,57.6,7,47.5,239,589
Churned,K239910,M,31,Play 100,S50,Med,14.50 ,0,117,291.6,4,9.5,171,597.2
Churned,K240590,F,23,Play 100,S50,MedLow,15.00 ,6,10,106.2,38,60,83,427.2
Churned,K241390,F,17,Play 100,BS110,Med,15.00 ,4,24,263.4,3,19,161,601.3
Churned,K241510,F,30,Play 100,S50,MedLow,15.00 ,1,50,202.8,39,77.4,120,487.8
Churned,K241820,F,35,Play 100,S50,Med,12.93 ,1,47,190.8,9,16.2,117,623.7
Churned,K241850,F,13,Play 100,BS110,MedLow,13.97 ,0,1,148.2,20,136,29,346.6
Churned,K242940,F,19,Play 300,S50,Med,14.63 ,0,12,321,2,6.6,212,873
Churned,K251430,M,40,CAT 200,BS110,MedHigh,27.60 ,0,9,787.8,57,145.2,125,1369.2
Churned,K252400,M,42,Play 100,BS110,MedLow,48.77 ,9,17,165.6,5,64.2,29,376.2
Churned,K252500,M,30,Play 100,BS110,MedLow,56.57 ,0,3,70.2,18,76.8,41,453.6
Churned,K253820,F,28,CAT 100,S80,Med,56.80 ,6,435,759.6,5,88,486,992.2
Churned,K254030,M,24,CAT 100,S80,Med,12.47 ,0,535,863.4,24,78,580,978.6
Churned,K254850,F,25,CAT 100,S80,Med,36.20 ,0,542,895.2,17,28.5,597,987
Churned,K257180,M,14,CAT 100,BS210,Med,13.80 ,8,62,711,6,27.6,95,976.8
Churned,K257950,M,22,CAT 100,S80,Med,29.57 ,1,126,661.2,13,91.8,299,999.3
Churned,K258460,F,33,CAT 100,BS210,Med,56.77 ,0,6,673.2,25,53.4,80,997.5
Churned,K259240,F,29,CAT 50,S80,MedLow,12.40 ,8,118,418.2,2,22,133,489.7
Churned,K259310,M,12,CAT 50,S80,MedLow,36.57 ,2,76,337.8,12,21,114,486
Churned,K259500,M,34,CAT 50,S80,MedLow,41.00 ,0,71,364.2,6,10.2,129,483
Churned,K260440,F,15,Play 100,S80,Med,31.67 ,0,64,346.2,2,27.6,165,724.2
Churned,K270310,F,29,Play 100,S80,MedLow,36.33 ,2,13,68.4,0,0,158,323.7
Churned,K288380,F,37,CAT 100,CAS30,Med,35.30 ,2,116,300.6,7,38,232,587
Churned,K288750,F,12,CAT 100,CAS30,Med,41.37 ,1,260,496.2,5,13.8,357,968.7
Churned,K289150,M,14,CAT 100,CAS30,Med,31.53 ,2,257,688.2,3,27,321,834.3
Churned,K292250,F,22,CAT 100,CAS30,Med,49.30 ,2,256,439.8,13,43,351,787.3
Churned,K294630,F,24,CAT 100,CAS30,Med,40.93 ,0,80,612,7,20.4,184,788.4
Churned,K296580,F,16,CAT 100,CAS30,Med,48.17 ,1,219,688.2,21,40,280,824.8
Churned,K298190,F,34,CAT 100,CAS30,Med,23.47 ,6,60,724.2,10,28,117,885.1
Churned,K300470,M,62,CAT 100,S50,Med,33.03 ,1,26,575.4,1,5.5,134,793.6
Churned,K303780,M,38,CAT 200,CAS30,MedHigh,38.20 ,2,751,1295.4,20,40.2,916,1628.1
Churned,K307980,M,18,CAT 200,S50,Med,29.23 ,7,359,603,1,40.8,609,1194
Churned,K315300,F,14,CAT 200,CAS30,Med,38.70 ,1,600,1023,0,0,667,1204.5
Churned,K330930,F,55,CAT 50,CAS30,MedLow,37.77 ,1,125,318,2,25,161,403.9
Churned,K331080,F,57,CAT 50,CAS30,MedLow,42.00 ,2,182,286.2,4,13.8,217,441
Churned,K344030,F,36,CAT 100,CAS30,Med,44.60 ,2,295,599.4,56,86.4,396,759
Churned,K344400,F,19,CAT 100,CAS30,Med,24.10 ,0,154,474,6,54,160,528
Churned,K345940,F,65,CAT 100,CAS30,Med,31.70 ,2,135,555.6,32,133.2,197,756.9
Churned,K357250,M,12,CAT 200,S50,Med,35.40 ,6,326,750,33,56.4,535,1084.8
Churned,K362290,F,63,CAT 200,CAS30,Med,44.07 ,11,302,602.4,51,91.2,408,1069.8
Churned,K362910,F,56,CAT 200,CAS30,High,54.40 ,9,282,1651.2,25,66.6,519,2040.6
Churned,K363060,M,37,CAT 200,CAS30,MedHigh,19.97 ,10,160,947.4,36,135,357,1505.7
Churned,K364470,F,21,CAT 200,CAS30,MedHigh,36.67 ,2,180,720.6,5,69,378,1348.5
Churned,K371920,F,31,CAT 200,CAS30,High,13.50 ,1,254,1475.4,44,70.2,639,2098.2
Churned,K373750,M,17,CAT 50,CAS30,MedLow,40.70 ,2,170,280.8,9,78,219,472.2
Churned,K384670,M,29,Play 100,ASAD90,Med,49.40 ,0,20,137.4,3,8.4,84,580.5
Churned,K388180,F,42,Play 300,ASAD90,Med,46.80 ,0,101,158.4,2,20.4,151,1116
Churned,K390310,M,37,Play 300,ASAD90,Med,23.03 ,5,166,316.2,4,75.6,391,887.7
Churned,K396990,M,17,CAT 100,SOP10,Med,17.67 ,12,365,582.6,11,27.6,476,846.9
Churned,K397680,M,19,CAT 100,S50,Med,14.47 ,15,252,393,19,59,297,509
Churned,K399670,F,31,CAT 100,SOP20,Med,41.57 ,12,77,651.6,20,45.6,202,905.1
Churned,K399840,F,33,CAT 100,SOP20,Med,56.90 ,13,51,484.2,0,0,57,745.8
Churned,K399850,M,16,CAT 100,SOP20,Med,30.57 ,14,64,609.6,26,43.2,90,652.8
Churned,K400720,M,17,CAT 100,BS110,Med,52.67 ,12,141,743.4,10,79,183,885.4
Churned,K400980,F,57,CAT 100,SOP10,Med,33.53 ,15,110,613.8,0,0,176,798.3
Churned,K401610,M,23,CAT 200,SOP20,Med,18.07 ,13,380,789.6,17,32.4,554,1237.5
Churned,K402650,M,62,CAT 200,SOP20,MedHigh,10.50 ,14,843,1328.4,38,142,1099,1880.5
Churned,K402850,F,48,CAT 200,SOP10,MedHigh,40.20 ,13,666,1285.2,11,94.8,876,1693.5
Churned,K402950,M,71,CAT 200,SOP20,Med,33.10 ,13,614,954,4,9,624,1233.3
Churned,K403070,F,25,CAT 200,SOP10,Med,19.03 ,14,334,762.6,3,7.2,464,1203.3
Churned,K403140,M,14,CAT 200,BS110,MedHigh,21.20 ,15,499,1147.8,25,47.4,705,1509.3
Churned,K404260,M,35,CAT 200,S50,MedHigh,31.03 ,14,722,1357.8,28,121.2,765,1511.7
Churned,K404370,M,20,CAT 200,BS110,MedHigh,22.80 ,14,416,811.2,2,27,442,1332.6
Churned,K404470,M,59,CAT 200,SOP20,Med,53.10 ,12,513,994.2,8,51,523,1247.4
Churned,K404650,M,60,CAT 200,S50,MedHigh,53.00 ,14,544,1413,1,7.8,580,1682.4
Churned,K404830,F,12,CAT 200,S50,MedHigh,48.07 ,15,708,1080,11,30.5,853,1729.1
Churned,K405840,M,16,CAT 200,BS110,MedHigh,51.47 ,12,417,1633.2,22,62.4,442,1736.4
Churned,K406200,F,27,CAT 200,S50,MedHigh,9.63 ,15,302,1201.8,32,83.4,431,1482.3
Churned,K406570,M,21,CAT 200,BS110,Med,42.50 ,14,257,957.6,1,9,322,1149
Churned,K406950,M,37,CAT 200,BS110,Med,47.80 ,12,163,1181.4,5,45.5,180,1247.9
Churned,K409630,F,26,CAT 200,SOP10,High,35.53 ,13,381,1768.2,8,44.4,645,2334
Churned,K412310,F,14,Play 100,SOP20,Med,14.37 ,14,118,199.2,5,15,140,552.9
Churned,K413330,M,19,Play 100,SOP10,Med,17.40 ,12,60,100.8,27,59.4,127,628.2
Churned,K413410,F,59,Play 100,SOP20,Med,17.37 ,15,82,130.2,12,25.8,357,650.7
Churned,K415490,F,33,Play 300,S50,Med,44.93 ,12,174,286.2,25,67,596,1039
Churned,K415880,F,25,Play 300,S50,Med,40.43 ,14,315,552,0,0,609,1188.3
Churned,K416650,F,30,Play 300,SOP10,Med,31.47 ,12,16,306.6,37,109.8,367,957
